folder,doi,publisher,crossref_license,unpaywall_license,oa_status,classification,reason
10.7717_peerj.15993,10.7717/peerj.15993,PeerJ,CC-BY-NC,CC-BY,gold,GREEN,"CC-BY (open, redistributable + derivatives)"
10.7717_PEERJ-CS.343,10.7717/PEERJ-CS.343,PeerJ,CC-BY,CC-BY,gold,GREEN,"CC-BY (open, redistributable + derivatives)"
10.7717_peerj.11199,10.7717/peerj.11199,PeerJ,CC-BY,CC-BY,gold,GREEN,"CC-BY (open, redistributable + derivatives)"
10.7717_peerj.12,10.7717/peerj.12,PeerJ,none,CC-BY,gold,GREEN,"CC-BY (open, redistributable + derivatives)"
10.7717_peerj.13182,10.7717/peerj.13182,PeerJ,CC-BY,CC-BY,gold,GREEN,"CC-BY (open, redistributable + derivatives)"
10.7717_peerj.5043,10.7717/peerj.5043,PeerJ,CC-BY,CC-BY,gold,GREEN,"CC-BY (open, redistributable + derivatives)"
10.7717_peerj.6576,10.7717/peerj.6576,PeerJ,CC-BY,CC-BY,gold,GREEN,"CC-BY (open, redistributable + derivatives)"
10.7717_peerj.7959,10.7717/peerj.7959,PeerJ,CC-BY,CC-BY,gold,GREEN,"CC-BY (open, redistributable + derivatives)"
10.7717_peerj.17726,10.7717/peerj.17726,PeerJ,CC-BY,CC-BY,gold,GREEN,"CC-BY (open, redistributable + derivatives)"
10.7717_peerj.11360,10.7717/peerj.11360,PeerJ,CC-BY,CC-BY,gold,GREEN,"CC-BY (open, redistributable + derivatives)"
10.7717_peerj-cs.1309,10.7717/peerj-cs.1309,PeerJ,CC-BY,CC-BY,gold,GREEN,"CC-BY (open, redistributable + derivatives)"
10.7717_peerj-cs.1712,10.7717/peerj-cs.1712,PeerJ,CC-BY,CC-BY,gold,GREEN,"CC-BY (open, redistributable + derivatives)"
10.7717_peerj.5833,10.7717/peerj.5833,PeerJ,CC-BY,CC-BY,gold,GREEN,"CC-BY (open, redistributable + derivatives)"
10.7717_peerj.4722,10.7717/peerj.4722,PeerJ,CC-BY,CC-BY,gold,GREEN,"CC-BY (open, redistributable + derivatives)"
10.7717_peerj.17782,10.7717/peerj.17782,PeerJ,CC-BY,CC-BY,gold,GREEN,"CC-BY (open, redistributable + derivatives)"
10.7717_peerj.11983,10.7717/peerj.11983,PeerJ,CC-BY,CC-BY,gold,GREEN,"CC-BY (open, redistributable + derivatives)"
10.7717_peerj-cs.1705,10.7717/peerj-cs.1705,PeerJ,CC-BY,CC-BY,gold,GREEN,"CC-BY (open, redistributable + derivatives)"
10.7717_peerj-cs.463,10.7717/peerj-cs.463,PeerJ,CC-BY,CC-BY,gold,GREEN,"CC-BY (open, redistributable + derivatives)"
10.7717_peerj.3588,10.7717/peerj.3588,PeerJ,CC-BY,CC-BY,gold,GREEN,"CC-BY (open, redistributable + derivatives)"
10.7717_peerj.10468,10.7717/peerj.10468,PeerJ,CC-BY-NC,CC-BY,gold,GREEN,"CC-BY (open, redistributable + derivatives)"
10.7717_peerj.5143,10.7717/peerj.5143,PeerJ,CC-BY,CC-BY,gold,GREEN,"CC-BY (open, redistributable + derivatives)"
10.7717_peerj.15779,10.7717/peerj.15779,PeerJ,CC-BY,CC-BY,gold,GREEN,"CC-BY (open, redistributable + derivatives)"
10.7717_peerj.4347,10.7717/peerj.4347,PeerJ,CC-BY,CC-BY,gold,GREEN,"CC-BY (open, redistributable + derivatives)"
10.7717_peerj.14980,10.7717/peerj.14980,PeerJ,CC-BY,CC-BY,gold,GREEN,"CC-BY (open, redistributable + derivatives)"
10.7717_peerj-cs.2248,10.7717/peerj-cs.2248,PeerJ,CC-BY,CC-BY,gold,GREEN,"CC-BY (open, redistributable + derivatives)"
10.7717_peerj.8892,10.7717/peerj.8892,PeerJ,CC-BY,CC-BY,gold,GREEN,"CC-BY (open, redistributable + derivatives)"
10.7717_peerj.12898,10.7717/peerj.12898,PeerJ,CC-BY,CC-BY,gold,GREEN,"CC-BY (open, redistributable + derivatives)"
10.7717_peerj.18277,10.7717/peerj.18277,PeerJ,CC-BY,CC-BY,gold,GREEN,"CC-BY (open, redistributable + derivatives)"
10.7717_peerj.1468,10.7717/peerj.1468,PeerJ,CC-BY,CC-BY,gold,GREEN,"CC-BY (open, redistributable + derivatives)"
10.7717_peerj.2396,10.7717/peerj.2396,PeerJ,CC-BY,CC-BY,gold,GREEN,"CC-BY (open, redistributable + derivatives)"
10.7717_peerj.9968,10.7717/peerj.9968,PeerJ,CC-BY,CC-BY,gold,GREEN,"CC-BY (open, redistributable + derivatives)"
10.7717_peerj.12947,10.7717/peerj.12947,PeerJ,CC-BY,CC-BY,gold,GREEN,"CC-BY (open, redistributable + derivatives)"
10.7717_peerj.275,10.7717/peerj.275,PeerJ,none,CC-BY,gold,GREEN,"CC-BY (open, redistributable + derivatives)"
10.7717_peerj.16309,10.7717/peerj.16309,PeerJ,CC-BY,CC-BY,gold,GREEN,"CC-BY (open, redistributable + derivatives)"
10.7717_peerj.3724,10.7717/peerj.3724,PeerJ,CC-BY,CC-BY,gold,GREEN,"CC-BY (open, redistributable + derivatives)"
10.7717_peerj.470,10.7717/peerj.470,PeerJ,none,CC-BY,gold,GREEN,"CC-BY (open, redistributable + derivatives)"
10.7717_peerj.11158,10.7717/peerj.11158,PeerJ,CC-BY,CC-BY,gold,GREEN,"CC-BY (open, redistributable + derivatives)"
10.7717_peerj.3350,10.7717/peerj.3350,PeerJ,CC-BY,CC-BY,gold,GREEN,"CC-BY (open, redistributable + derivatives)"
10.7717_peerj.13411,10.7717/peerj.13411,PeerJ,CC-BY,CC-BY,gold,GREEN,"CC-BY (open, redistributable + derivatives)"
10.7717_peerj.4984,10.7717/peerj.4984,PeerJ,CC-BY,CC-BY,gold,GREEN,"CC-BY (open, redistributable + derivatives)"
10.7717_peerj.9681,10.7717/peerj.9681,PeerJ,CC-BY,CC-BY,gold,GREEN,"CC-BY (open, redistributable + derivatives)"
10.7717_peerj.2322,10.7717/peerj.2322,PeerJ,CC-BY,CC-BY,gold,GREEN,"CC-BY (open, redistributable + derivatives)"
10.7717_peerj.6311,10.7717/peerj.6311,PeerJ,CC-BY,CC-BY,gold,GREEN,"CC-BY (open, redistributable + derivatives)"
10.7717_peerj.7514,10.7717/peerj.7514,PeerJ,CC-BY,CC-BY,gold,GREEN,"CC-BY (open, redistributable + derivatives)"
10.7717_peerj.7973,10.7717/peerj.7973,PeerJ,CC-BY,CC-BY,gold,GREEN,"CC-BY (open, redistributable + derivatives)"
10.7717_peerj-cs.2411,10.7717/peerj-cs.2411,PeerJ,CC-BY,CC-BY,gold,GREEN,"CC-BY (open, redistributable + derivatives)"
10.7717_peerj.6430,10.7717/peerj.6430,PeerJ,CC-BY,CC-BY,gold,GREEN,"CC-BY (open, redistributable + derivatives)"
10.7717_peerj.19507,10.7717/peerj.19507,PeerJ,CC-BY,CC-BY,gold,GREEN,"CC-BY (open, redistributable + derivatives)"
10.7717_peerj.11696,10.7717/peerj.11696,PeerJ,CC-BY,CC-BY,gold,GREEN,"CC-BY (open, redistributable + derivatives)"
10.7717_peerj.2698,10.7717/peerj.2698,PeerJ,CC-BY,CC-BY,gold,GREEN,"CC-BY (open, redistributable + derivatives)"
10.7717_peerj.5041,10.7717/peerj.5041,PeerJ,CC-BY,CC-BY,gold,GREEN,"CC-BY (open, redistributable + derivatives)"
10.7717_peerj.10105,10.7717/peerj.10105,PeerJ,CC-BY,CC-BY,gold,GREEN,"CC-BY (open, redistributable + derivatives)"
10.7717_peerj.4622,10.7717/peerj.4622,PeerJ,CC-BY,CC-BY,gold,GREEN,"CC-BY (open, redistributable + derivatives)"
10.7717_peerj.14373,10.7717/peerj.14373,PeerJ,CC-BY,CC-BY,gold,GREEN,"CC-BY (open, redistributable + derivatives)"
10.7717_peerj.15852,10.7717/peerj.15852,PeerJ,CC-BY,CC-BY,gold,GREEN,"CC-BY (open, redistributable + derivatives)"
10.7717_peerj.6923,10.7717/peerj.6923,PeerJ,CC-BY,CC-BY,gold,GREEN,"CC-BY (open, redistributable + derivatives)"
10.7717_peerj.17685,10.7717/peerj.17685,PeerJ,CC-BY,CC-BY,gold,GREEN,"CC-BY (open, redistributable + derivatives)"
10.7717_peerj.10578,10.7717/peerj.10578,PeerJ,CC-BY,CC-BY,gold,GREEN,"CC-BY (open, redistributable + derivatives)"
10.7717_peerj.8132,10.7717/peerj.8132,PeerJ,CC-BY,CC-BY,gold,GREEN,"CC-BY (open, redistributable + derivatives)"
10.7717_peerj.10888,10.7717/peerj.10888,PeerJ,CC-BY,CC-BY,gold,GREEN,"CC-BY (open, redistributable + derivatives)"
10.2196_59512,10.2196/59512,JMIR,none,CC-BY,gold,GREEN,"CC-BY (open, redistributable + derivatives)"
10.2196_50919,10.2196/50919,JMIR,none,CC-BY,gold,GREEN,"CC-BY (open, redistributable + derivatives)"
10.2196_37347,10.2196/37347,JMIR,none,CC-BY,gold,GREEN,"CC-BY (open, redistributable + derivatives)"
10.2196_18521,10.2196/18521,JMIR,none,CC-BY,gold,GREEN,"CC-BY (open, redistributable + derivatives)"
10.2196_18636,10.2196/18636,JMIR,none,CC-BY,gold,GREEN,"CC-BY (open, redistributable + derivatives)"
10.2196_52167,10.2196/52167,JMIR,none,CC-BY,gold,GREEN,"CC-BY (open, redistributable + derivatives)"
10.2196_40237,10.2196/40237,JMIR,none,CC-BY,gold,GREEN,"CC-BY (open, redistributable + derivatives)"
10.2196_24656,10.2196/24656,JMIR,none,CC-BY,gold,GREEN,"CC-BY (open, redistributable + derivatives)"
10.2196_16854,10.2196/16854,JMIR,none,CC-BY,gold,GREEN,"CC-BY (open, redistributable + derivatives)"
10.2196_11734,10.2196/11734,JMIR,none,CC-BY,gold,GREEN,"CC-BY (open, redistributable + derivatives)"
10.2196_mhealth.7857,10.2196/mhealth.7857,JMIR,none,CC-BY,gold,GREEN,"CC-BY (open, redistributable + derivatives)"
10.2196_26462,10.2196/26462,JMIR,none,CC-BY,gold,GREEN,"CC-BY (open, redistributable + derivatives)"
10.2196_31970,10.2196/31970,JMIR,none,CC-BY,gold,GREEN,"CC-BY (open, redistributable + derivatives)"
10.2196_30474,10.2196/30474,JMIR,none,CC-BY,gold,GREEN,"CC-BY (open, redistributable + derivatives)"
10.2196_49102,10.2196/49102,JMIR,none,CC-BY,gold,GREEN,"CC-BY (open, redistributable + derivatives)"
10.2196_26993,10.2196/26993,JMIR,none,CC-BY,gold,GREEN,"CC-BY (open, redistributable + derivatives)"
10.2196_44818,10.2196/44818,JMIR,none,CC-BY,gold,GREEN,"CC-BY (open, redistributable + derivatives)"
10.2196_62802,10.2196/62802,JMIR,none,CC-BY,gold,GREEN,"CC-BY (open, redistributable + derivatives)"
10.2196_46493,10.2196/46493,JMIR,none,CC-BY,gold,GREEN,"CC-BY (open, redistributable + derivatives)"
10.2196_36417,10.2196/36417,JMIR,none,CC-BY,gold,GREEN,"CC-BY (open, redistributable + derivatives)"
10.2196_14306,10.2196/14306,JMIR,none,CC-BY,gold,GREEN,"CC-BY (open, redistributable + derivatives)"
10.2196_11492,10.2196/11492,JMIR,none,CC-BY,gold,GREEN,"CC-BY (open, redistributable + derivatives)"
10.2196_24166,10.2196/24166,JMIR,none,CC-BY,gold,GREEN,"CC-BY (open, redistributable + derivatives)"
10.2196_27047,10.2196/27047,JMIR,none,CC-BY,gold,GREEN,"CC-BY (open, redistributable + derivatives)"
10.2196_17978,10.2196/17978,JMIR,none,CC-BY,gold,GREEN,"CC-BY (open, redistributable + derivatives)"
10.2196_mhealth.7297,10.2196/mhealth.7297,JMIR,none,CC-BY,gold,GREEN,"CC-BY (open, redistributable + derivatives)"
10.2196_43664,10.2196/43664,JMIR,none,CC-BY,gold,GREEN,"CC-BY (open, redistributable + derivatives)"
10.2196_23303,10.2196/23303,JMIR,none,CC-BY,gold,GREEN,"CC-BY (open, redistributable + derivatives)"
10.2196_58862,10.2196/58862,JMIR,none,CC-BY,gold,GREEN,"CC-BY (open, redistributable + derivatives)"
10.2196_25451,10.2196/25451,JMIR,none,CC-BY,gold,GREEN,"CC-BY (open, redistributable + derivatives)"
10.2196_25775,10.2196/25775,JMIR,none,CC-BY,gold,GREEN,"CC-BY (open, redistributable + derivatives)"
10.2196_49144,10.2196/49144,JMIR,none,CC-BY,gold,GREEN,"CC-BY (open, redistributable + derivatives)"
10.2196_13870,10.2196/13870,JMIR,none,CC-BY,gold,GREEN,"CC-BY (open, redistributable + derivatives)"
10.2196_48568,10.2196/48568,JMIR,none,CC-BY,gold,GREEN,"CC-BY (open, redistributable + derivatives)"
10.2196_49189,10.2196/49189,JMIR,none,CC-BY,gold,GREEN,"CC-BY (open, redistributable + derivatives)"
10.2196_13076,10.2196/13076,JMIR,none,CC-BY,gold,GREEN,"CC-BY (open, redistributable + derivatives)"
10.2196_mhealth.2539,10.2196/mhealth.2539,JMIR,none,CC-BY,gold,GREEN,"CC-BY (open, redistributable + derivatives)"
10.2196_56547,10.2196/56547,JMIR,none,CC-BY,gold,GREEN,"CC-BY (open, redistributable + derivatives)"
10.2196_39546,10.2196/39546,JMIR,none,CC-BY,gold,GREEN,"CC-BY (open, redistributable + derivatives)"
10.2196_30332,10.2196/30332,JMIR,none,CC-BY,gold,GREEN,"CC-BY (open, redistributable + derivatives)"
10.2196_14232,10.2196/14232,JMIR,none,CC-BY,gold,GREEN,"CC-BY (open, redistributable + derivatives)"
10.2196_46698,10.2196/46698,JMIR,none,CC-BY,gold,GREEN,"CC-BY (open, redistributable + derivatives)"
10.2196_55452,10.2196/55452,JMIR,none,CC-BY,gold,GREEN,"CC-BY (open, redistributable + derivatives)"
10.2196_24352,10.2196/24352,JMIR,none,CC-BY,gold,GREEN,"CC-BY (open, redistributable + derivatives)"
10.2196_47098,10.2196/47098,JMIR,none,CC-BY,gold,GREEN,"CC-BY (open, redistributable + derivatives)"
10.2196_15873,10.2196/15873,JMIR,none,CC-BY,gold,GREEN,"CC-BY (open, redistributable + derivatives)"
10.2196_mhealth.9771,10.2196/mhealth.9771,JMIR,none,CC-BY,gold,GREEN,"CC-BY (open, redistributable + derivatives)"
10.2196_16414,10.2196/16414,JMIR,none,CC-BY,gold,GREEN,"CC-BY (open, redistributable + derivatives)"
10.2196_37635,10.2196/37635,JMIR,none,CC-BY,gold,GREEN,"CC-BY (open, redistributable + derivatives)"
10.2196_18809,10.2196/18809,JMIR,none,CC-BY,gold,GREEN,"CC-BY (open, redistributable + derivatives)"
10.2196_34280,10.2196/34280,JMIR,none,CC-BY,gold,GREEN,"CC-BY (open, redistributable + derivatives)"
10.2196_36807,10.2196/36807,JMIR,none,CC-BY,gold,GREEN,"CC-BY (open, redistributable + derivatives)"
10.2196_17037,10.2196/17037,JMIR,none,CC-BY,gold,GREEN,"CC-BY (open, redistributable + derivatives)"
10.2196_56676,10.2196/56676,JMIR,none,CC-BY,gold,GREEN,"CC-BY (open, redistributable + derivatives)"
10.2196_11839,10.2196/11839,JMIR,none,CC-BY,gold,GREEN,"CC-BY (open, redistributable + derivatives)"
10.2196_27389,10.2196/27389,JMIR,none,CC-BY,gold,GREEN,"CC-BY (open, redistributable + derivatives)"
10.2196_12808,10.2196/12808,JMIR,none,CC-BY,gold,GREEN,"CC-BY (open, redistributable + derivatives)"
10.2196_10108,10.2196/10108,JMIR,none,CC-BY,gold,GREEN,"CC-BY (open, redistributable + derivatives)"
10.2196_24402,10.2196/24402,JMIR,none,CC-BY,gold,GREEN,"CC-BY (open, redistributable + derivatives)"
10.2196_57320,10.2196/57320,JMIR,none,CC-BY,gold,GREEN,"CC-BY (open, redistributable + derivatives)"
10.1186_1556-276X-7-340,10.1186/1556-276X-7-340,BMC,CC-BY,CC-BY,gold,GREEN,"CC-BY (open, redistributable + derivatives)"
10.1186_s13065-021-00760-3,10.1186/s13065-021-00760-3,BMC,CC-BY,CC-BY,gold,GREEN,"CC-BY (open, redistributable + derivatives)"
10.1186_s40462-024-00512-7,10.1186/s40462-024-00512-7,BMC,CC-BY,CC-BY,gold,GREEN,"CC-BY (open, redistributable + derivatives)"
10.1186_s43094-021-00277-5,10.1186/s43094-021-00277-5,BMC,CC-BY,CC-BY,gold,GREEN,"CC-BY (open, redistributable + derivatives)"
10.1186_1423-0127-17-49,10.1186/1423-0127-17-49,BMC,none,CC-BY,gold,GREEN,"CC-BY (open, redistributable + derivatives)"
10.1186_s12891-023-07138-7,10.1186/s12891-023-07138-7,BMC,CC-BY,CC-BY,gold,GREEN,"CC-BY (open, redistributable + derivatives)"
10.1186_s41021-021-00211-4,10.1186/s41021-021-00211-4,BMC,CC-BY,CC-BY,gold,GREEN,"CC-BY (open, redistributable + derivatives)"
10.1186_s11671-023-03816-6,10.1186/s11671-023-03816-6,BMC,CC-BY,CC-BY,gold,GREEN,"CC-BY (open, redistributable + derivatives)"
10.1186_s12906-018-2205-x,10.1186/s12906-018-2205-x,BMC,CC-BY,CC-BY,gold,GREEN,"CC-BY (open, redistributable + derivatives)"
10.1186_s12860-020-00320-y,10.1186/s12860-020-00320-y,BMC,CC-BY,CC-BY,gold,GREEN,"CC-BY (open, redistributable + derivatives)"
10.1186_1471-2180-8-160,10.1186/1471-2180-8-160,BMC,none,CC-BY,gold,GREEN,"CC-BY (open, redistributable + derivatives)"
10.1186_1472-6882-13-149,10.1186/1472-6882-13-149,BMC,proprietary,CC-BY,gold,RED,source disagreement: CC license found (CC-BY) but weaker source non-open (crossref=proprietary); conservative RED
10.1186_1752-0509-3-79,10.1186/1752-0509-3-79,BMC,CC-BY,CC-BY,gold,GREEN,"CC-BY (open, redistributable + derivatives)"
10.1186_1477-3155-9-59,10.1186/1477-3155-9-59,BMC,none,CC-BY,gold,GREEN,"CC-BY (open, redistributable + derivatives)"
10.1186_s40543-016-0103-8,10.1186/s40543-016-0103-8,BMC,CC-BY,CC-BY,gold,GREEN,"CC-BY (open, redistributable + derivatives)"
10.1186_s40691-024-00383-x,10.1186/s40691-024-00383-x,BMC,CC-BY,CC-BY,gold,GREEN,"CC-BY (open, redistributable + derivatives)"
10.1186_s12934-021-01663-7,10.1186/s12934-021-01663-7,BMC,CC-BY,CC-BY,gold,GREEN,"CC-BY (open, redistributable + derivatives)"
10.1186_s11671-021-03476-4,10.1186/s11671-021-03476-4,BMC,CC-BY,CC-BY,gold,GREEN,"CC-BY (open, redistributable + derivatives)"
10.1186_s12870-023-04683-0,10.1186/s12870-023-04683-0,BMC,CC-BY,CC-BY,gold,GREEN,"CC-BY (open, redistributable + derivatives)"
10.1186_s13613-014-0042-8,10.1186/s13613-014-0042-8,BMC,CC-BY-NC-ND,CC-BY,gold,RED,no-derivatives license (CC-BY-NC-ND); cleaning/chunking is a derivative
10.1186_s40360-023-00727-1,10.1186/s40360-023-00727-1,BMC,CC-BY,CC-BY,gold,GREEN,"CC-BY (open, redistributable + derivatives)"
10.1186_s13321-016-0137-3,10.1186/s13321-016-0137-3,BMC,CC-BY,CC-BY,gold,GREEN,"CC-BY (open, redistributable + derivatives)"
10.1186_s12864-019-5479-6,10.1186/s12864-019-5479-6,BMC,CC-BY,CC-BY,gold,GREEN,"CC-BY (open, redistributable + derivatives)"
10.1186_s12889-019-7144-z,10.1186/s12889-019-7144-z,BMC,CC-BY,CC-BY,gold,GREEN,"CC-BY (open, redistributable + derivatives)"
10.1186_s12978-015-0097-5,10.1186/s12978-015-0097-5,BMC,proprietary,CC-BY,gold,RED,source disagreement: CC license found (CC-BY) but weaker source non-open (crossref=proprietary); conservative RED
10.1186_s13568-024-01673-9,10.1186/s13568-024-01673-9,BMC,CC-BY,CC-BY,gold,GREEN,"CC-BY (open, redistributable + derivatives)"
10.1186_s12951-019-0456-4,10.1186/s12951-019-0456-4,BMC,CC-BY,CC-BY,gold,GREEN,"CC-BY (open, redistributable + derivatives)"
10.1186_1476-9255-8-31,10.1186/1476-9255-8-31,BMC,none,CC-BY,gold,GREEN,"CC-BY (open, redistributable + derivatives)"
10.1186_s12862-018-1193-2,10.1186/s12862-018-1193-2,BMC,CC-BY,CC-BY,gold,GREEN,"CC-BY (open, redistributable + derivatives)"
10.1186_1556-276X-7-10,10.1186/1556-276X-7-10,BMC,none,CC-BY,gold,GREEN,"CC-BY (open, redistributable + derivatives)"
10.1186_1475-2859-11-108,10.1186/1475-2859-11-108,BMC,none,none,gold,RED,"oa_status=gold but no recognized open license (cr=none, up=none); conservative RED"
10.1186_s13638-017-0957-5,10.1186/s13638-017-0957-5,BMC,CC-BY,CC-BY,gold,GREEN,"CC-BY (open, redistributable + derivatives)"
10.1186_s41181-023-00197-0,10.1186/s41181-023-00197-0,BMC,CC-BY,CC-BY,gold,GREEN,"CC-BY (open, redistributable + derivatives)"
10.1186_1475-2859-8-32,10.1186/1475-2859-8-32,BMC,none,CC-BY,gold,GREEN,"CC-BY (open, redistributable + derivatives)"
10.1186_s41476-016-0031-7,10.1186/s41476-016-0031-7,BMC,CC-BY,CC-BY,gold,GREEN,"CC-BY (open, redistributable + derivatives)"
10.1186_s12931-020-1285-6,10.1186/s12931-020-1285-6,BMC,CC-BY,CC-BY,gold,GREEN,"CC-BY (open, redistributable + derivatives)"
10.1186_s12883-018-1198-x,10.1186/s12883-018-1198-x,BMC,CC-BY,CC-BY,gold,GREEN,"CC-BY (open, redistributable + derivatives)"
10.1186_s13578-024-01250-4,10.1186/s13578-024-01250-4,BMC,CC-BY,CC-BY,gold,GREEN,"CC-BY (open, redistributable + derivatives)"
10.1186_s12302-021-00574-z,10.1186/s12302-021-00574-z,BMC,CC-BY,CC-BY,gold,GREEN,"CC-BY (open, redistributable + derivatives)"
10.1186_1556-276X-9-341,10.1186/1556-276X-9-341,BMC,none,CC-BY,gold,GREEN,"CC-BY (open, redistributable + derivatives)"
10.1186_s12916-020-01773-w,10.1186/s12916-020-01773-w,BMC,CC-BY,CC-BY,gold,GREEN,"CC-BY (open, redistributable + derivatives)"
10.1186_s43094-021-00344-x,10.1186/s43094-021-00344-x,BMC,CC-BY,CC-BY,gold,GREEN,"CC-BY (open, redistributable + derivatives)"
10.1186_1556-276X-7-79,10.1186/1556-276X-7-79,BMC,none,CC-BY,gold,GREEN,"CC-BY (open, redistributable + derivatives)"
10.1186_s12889-024-19866-z,10.1186/s12889-024-19866-z,BMC,CC-BY,CC-BY,gold,GREEN,"CC-BY (open, redistributable + derivatives)"
10.1186_s11671-018-2632-0,10.1186/s11671-018-2632-0,BMC,CC-BY,CC-BY,gold,GREEN,"CC-BY (open, redistributable + derivatives)"
10.1186_s11671-016-1705-1,10.1186/s11671-016-1705-1,BMC,CC-BY,CC-BY,gold,GREEN,"CC-BY (open, redistributable + derivatives)"
10.1186_s13063-016-1489-8,10.1186/s13063-016-1489-8,BMC,proprietary,CC-BY,gold,RED,source disagreement: CC license found (CC-BY) but weaker source non-open (crossref=proprietary); conservative RED
10.1186_s13065-023-01073-3,10.1186/s13065-023-01073-3,BMC,CC-BY,CC-BY,gold,GREEN,"CC-BY (open, redistributable + derivatives)"
10.1186_s12906-024-04467-5,10.1186/s12906-024-04467-5,BMC,CC-BY,CC-BY,gold,GREEN,"CC-BY (open, redistributable + derivatives)"
10.1186_1753-6561-7-S7-S6,10.1186/1753-6561-7-S7-S6,BMC,CC-BY,CC-BY,gold,GREEN,"CC-BY (open, redistributable + derivatives)"
10.1186_1476-4598-11-33,10.1186/1476-4598-11-33,BMC,none,CC-BY,gold,GREEN,"CC-BY (open, redistributable + derivatives)"
10.1186_s40543-019-0166-4,10.1186/s40543-019-0166-4,BMC,CC-BY,CC-BY,gold,GREEN,"CC-BY (open, redistributable + derivatives)"
10.1186_s40537-022-00647-7,10.1186/s40537-022-00647-7,BMC,CC-BY,CC-BY,gold,GREEN,"CC-BY (open, redistributable + derivatives)"
10.1186_s40580-022-00346-2,10.1186/s40580-022-00346-2,BMC,CC-BY,CC-BY,gold,GREEN,"CC-BY (open, redistributable + derivatives)"
10.1186_s40494-016-0082-5,10.1186/s40494-016-0082-5,BMC,CC-BY,CC-BY,gold,GREEN,"CC-BY (open, redistributable + derivatives)"
10.1186_s13568-020-01042-2,10.1186/s13568-020-01042-2,BMC,CC-BY,CC-BY,gold,GREEN,"CC-BY (open, redistributable + derivatives)"
10.1186_s13638-019-1610-2,10.1186/s13638-019-1610-2,BMC,CC-BY,CC-BY,gold,GREEN,"CC-BY (open, redistributable + derivatives)"
10.1186_s12859-020-3375-3,10.1186/s12859-020-3375-3,BMC,CC-BY,CC-BY,gold,GREEN,"CC-BY (open, redistributable + derivatives)"
10.1186_s12954-024-01011-z,10.1186/s12954-024-01011-z,BMC,CC-BY,CC-BY,gold,GREEN,"CC-BY (open, redistributable + derivatives)"
10.1186_s12903-023-03741-1,10.1186/s12903-023-03741-1,BMC,CC-BY,CC-BY,gold,GREEN,"CC-BY (open, redistributable + derivatives)"
10.1186_s43088-019-0006-z,10.1186/s43088-019-0006-z,BMC,CC-BY,CC-BY,gold,GREEN,"CC-BY (open, redistributable + derivatives)"
10.1186_s40494-019-0336-0,10.1186/s40494-019-0336-0,BMC,CC-BY,CC-BY,gold,GREEN,"CC-BY (open, redistributable + derivatives)"
10.1186_s12974-020-01801-9,10.1186/s12974-020-01801-9,BMC,CC-BY,CC-BY,gold,GREEN,"CC-BY (open, redistributable + derivatives)"
10.1186_s12866-015-0365-0,10.1186/s12866-015-0365-0,BMC,CC-BY,CC-BY,gold,GREEN,"CC-BY (open, redistributable + derivatives)"
10.1186_s12860-023-00479-0,10.1186/s12860-023-00479-0,BMC,CC-BY,CC-BY,gold,GREEN,"CC-BY (open, redistributable + derivatives)"
10.1186_s12951-021-01217-4,10.1186/s12951-021-01217-4,BMC,CC-BY,CC-BY,gold,GREEN,"CC-BY (open, redistributable + derivatives)"
10.1186_1750-1326-3-5,10.1186/1750-1326-3-5,BMC,none,CC-BY,gold,GREEN,"CC-BY (open, redistributable + derivatives)"
10.1186_1477-3155-8-9,10.1186/1477-3155-8-9,BMC,none,CC-BY,gold,GREEN,"CC-BY (open, redistributable + derivatives)"
10.1186_s40543-018-0138-0,10.1186/s40543-018-0138-0,BMC,CC-BY,CC-BY,gold,GREEN,"CC-BY (open, redistributable + derivatives)"
10.1186_s42162-024-00393-5,10.1186/s42162-024-00393-5,BMC,CC-BY-NC-ND,CC-BY-NC-ND,gold,RED,no-derivatives license (CC-BY-NC-ND); cleaning/chunking is a derivative
10.1186_1743-0003-9-2,10.1186/1743-0003-9-2,BMC,none,CC-BY,gold,GREEN,"CC-BY (open, redistributable + derivatives)"
10.1186_s13065-024-01332-x,10.1186/s13065-024-01332-x,BMC,CC-BY-NC-ND,CC-BY-NC-ND,gold,RED,no-derivatives license (CC-BY-NC-ND); cleaning/chunking is a derivative
10.1186_s13321-024-00802-7,10.1186/s13321-024-00802-7,BMC,CC-BY,CC-BY,gold,GREEN,"CC-BY (open, redistributable + derivatives)"
10.1186_s13321-015-0091-5,10.1186/s13321-015-0091-5,BMC,CC-BY,CC-BY,gold,GREEN,"CC-BY (open, redistributable + derivatives)"
10.1186_s12879-020-4839-9,10.1186/s12879-020-4839-9,BMC,CC-BY,CC-BY,gold,GREEN,"CC-BY (open, redistributable + derivatives)"
10.1186_1752-153X-6-86,10.1186/1752-153X-6-86,BMC,CC-BY,CC-BY,gold,GREEN,"CC-BY (open, redistributable + derivatives)"
10.1186_s42834-021-00092-w,10.1186/s42834-021-00092-w,BMC,CC-BY,CC-BY,gold,GREEN,"CC-BY (open, redistributable + derivatives)"
10.1186_1471-2105-15-196,10.1186/1471-2105-15-196,BMC,none,CC-BY,gold,GREEN,"CC-BY (open, redistributable + derivatives)"
10.1186_s12896-020-0603-x,10.1186/s12896-020-0603-x,BMC,CC-BY,CC-BY,gold,GREEN,"CC-BY (open, redistributable + derivatives)"
10.1186_s12915-016-0269-y,10.1186/s12915-016-0269-y,BMC,CC-BY,CC-BY,gold,GREEN,"CC-BY (open, redistributable + derivatives)"
10.1186_s12934-014-0103-6,10.1186/s12934-014-0103-6,BMC,CC-BY,CC-BY,gold,GREEN,"CC-BY (open, redistributable + derivatives)"
10.1186_s12906-023-03845-9,10.1186/s12906-023-03845-9,BMC,CC-BY,CC-BY,gold,GREEN,"CC-BY (open, redistributable + derivatives)"
10.1186_s12302-020-00384-9,10.1186/s12302-020-00384-9,BMC,CC-BY,CC-BY,gold,GREEN,"CC-BY (open, redistributable + derivatives)"
10.1186_s13014-021-01804-7,10.1186/s13014-021-01804-7,BMC,CC-BY,CC-BY,gold,GREEN,"CC-BY (open, redistributable + derivatives)"
10.1186_s12929-025-01120-2,10.1186/s12929-025-01120-2,BMC,CC-BY,CC-BY,gold,GREEN,"CC-BY (open, redistributable + derivatives)"
10.1186_1471-2105-15-214,10.1186/1471-2105-15-214,BMC,none,CC-BY,gold,GREEN,"CC-BY (open, redistributable + derivatives)"
10.1186_s13021-017-0083-z,10.1186/s13021-017-0083-z,BMC,CC-BY,CC-BY,gold,GREEN,"CC-BY (open, redistributable + derivatives)"
10.1186_s40580-018-0154-1,10.1186/s40580-018-0154-1,BMC,CC-BY,CC-BY,gold,GREEN,"CC-BY (open, redistributable + derivatives)"
10.1186_s12906-021-03420-0,10.1186/s12906-021-03420-0,BMC,CC-BY,CC-BY,gold,GREEN,"CC-BY (open, redistributable + derivatives)"
10.1186_1556-276X-9-290,10.1186/1556-276X-9-290,BMC,CC-BY,CC-BY,gold,GREEN,"CC-BY (open, redistributable + derivatives)"
10.1186_1756-6606-1-7,10.1186/1756-6606-1-7,BMC,none,CC-BY,gold,GREEN,"CC-BY (open, redistributable + derivatives)"
10.1186_s13036-019-0179-y,10.1186/s13036-019-0179-y,BMC,CC-BY,CC-BY,gold,GREEN,"CC-BY (open, redistributable + derivatives)"
10.1186_s13041-019-0485-9,10.1186/s13041-019-0485-9,BMC,CC-BY,CC-BY,gold,GREEN,"CC-BY (open, redistributable + derivatives)"
10.1186_1758-2946-4-20,10.1186/1758-2946-4-20,BMC,CC-BY,CC-BY,gold,GREEN,"CC-BY (open, redistributable + derivatives)"
10.1186_s11671-015-1128-4,10.1186/s11671-015-1128-4,BMC,CC-BY,CC-BY,gold,GREEN,"CC-BY (open, redistributable + derivatives)"
10.1186_s12889-020-09452-4,10.1186/s12889-020-09452-4,BMC,CC-BY,CC-BY,gold,GREEN,"CC-BY (open, redistributable + derivatives)"
10.1186_s12935-021-02020-9,10.1186/s12935-021-02020-9,BMC,CC-BY,CC-BY,gold,GREEN,"CC-BY (open, redistributable + derivatives)"
10.1186_s40623-021-01478-1,10.1186/s40623-021-01478-1,BMC,CC-BY,CC-BY,gold,GREEN,"CC-BY (open, redistributable + derivatives)"
10.1186_s13065-022-00856-4,10.1186/s13065-022-00856-4,BMC,CC-BY,CC-BY,gold,GREEN,"CC-BY (open, redistributable + derivatives)"
10.1186_1476-4598-12-171,10.1186/1476-4598-12-171,BMC,none,CC-BY,gold,GREEN,"CC-BY (open, redistributable + derivatives)"
10.1186_1556-276X-8-478,10.1186/1556-276X-8-478,BMC,CC-BY,CC-BY,gold,GREEN,"CC-BY (open, redistributable + derivatives)"
10.1186_s40814-017-0156-5,10.1186/s40814-017-0156-5,BMC,none,CC-BY,gold,GREEN,"CC-BY (open, redistributable + derivatives)"
10.1186_s13677-024-00693-x,10.1186/s13677-024-00693-x,BMC,CC-BY-NC-ND,CC-BY-NC-ND,gold,RED,no-derivatives license (CC-BY-NC-ND); cleaning/chunking is a derivative
10.1186_1472-6882-14-141,10.1186/1472-6882-14-141,BMC,proprietary,CC-BY,gold,RED,source disagreement: CC license found (CC-BY) but weaker source non-open (crossref=proprietary); conservative RED
10.1186_s11671-016-1627-y,10.1186/s11671-016-1627-y,BMC,CC-BY,CC-BY,gold,GREEN,"CC-BY (open, redistributable + derivatives)"
10.1186_1556-276X-7-482,10.1186/1556-276X-7-482,BMC,none,CC-BY,gold,GREEN,"CC-BY (open, redistributable + derivatives)"
10.1186_s11671-017-2290-7,10.1186/s11671-017-2290-7,BMC,CC-BY,CC-BY,gold,GREEN,"CC-BY (open, redistributable + derivatives)"
10.1186_s12951-015-0150-0,10.1186/s12951-015-0150-0,BMC,none,CC-BY,gold,GREEN,"CC-BY (open, redistributable + derivatives)"
10.1186_s13287-023-03424-2,10.1186/s13287-023-03424-2,BMC,CC-BY,CC-BY,gold,GREEN,"CC-BY (open, redistributable + derivatives)"
10.1186_1471-2105-12-241,10.1186/1471-2105-12-241,BMC,CC-BY,CC-BY,gold,GREEN,"CC-BY (open, redistributable + derivatives)"
10.1186_s12864-024-10027-5,10.1186/s12864-024-10027-5,BMC,CC-BY,CC-BY,gold,GREEN,"CC-BY (open, redistributable + derivatives)"
10.1186_s43088-020-0038-4,10.1186/s43088-020-0038-4,BMC,CC-BY,CC-BY,gold,GREEN,"CC-BY (open, redistributable + derivatives)"
10.1186_1465-9921-10-15,10.1186/1465-9921-10-15,BMC,proprietary,CC-BY,gold,RED,source disagreement: CC license found (CC-BY) but weaker source non-open (crossref=proprietary); conservative RED
10.1186_1477-3155-11-7,10.1186/1477-3155-11-7,BMC,none,CC-BY,gold,GREEN,"CC-BY (open, redistributable + derivatives)"
10.1186_s12866-015-0455-z,10.1186/s12866-015-0455-z,BMC,CC-BY,CC-BY,gold,GREEN,"CC-BY (open, redistributable + derivatives)"
10.1186_1472-6750-11-14,10.1186/1472-6750-11-14,BMC,none,CC-BY,gold,GREEN,"CC-BY (open, redistributable + derivatives)"
10.1186_s13068-016-0674-z,10.1186/s13068-016-0674-z,BMC,CC-BY,CC-BY,gold,GREEN,"CC-BY (open, redistributable + derivatives)"
10.1186_s13065-019-0571-1,10.1186/s13065-019-0571-1,BMC,CC-BY,CC-BY,gold,GREEN,"CC-BY (open, redistributable + derivatives)"
10.1186_s10194-018-0867-x,10.1186/s10194-018-0867-x,BMC,CC-BY,CC-BY,gold,GREEN,"CC-BY (open, redistributable + derivatives)"
10.1186_s12883-020-01729-w,10.1186/s12883-020-01729-w,BMC,CC-BY,CC-BY,gold,GREEN,"CC-BY (open, redistributable + derivatives)"
10.1186_s13071-019-3341-y,10.1186/s13071-019-3341-y,BMC,CC-BY,CC-BY,gold,GREEN,"CC-BY (open, redistributable + derivatives)"
10.1186_1471-2180-12-140,10.1186/1471-2180-12-140,BMC,none,CC-BY,gold,GREEN,"CC-BY (open, redistributable + derivatives)"
10.1186_s12864-024-10326-x,10.1186/s12864-024-10326-x,BMC,CC-BY,CC-BY,gold,GREEN,"CC-BY (open, redistributable + derivatives)"
10.1186_2050-6511-14-35,10.1186/2050-6511-14-35,BMC,proprietary,none,gold,RED,proprietary license despite oa_status=gold; no CC license
10.1186_s42162-024-00463-8,10.1186/s42162-024-00463-8,BMC,CC-BY-NC-ND,CC-BY-NC-ND,gold,RED,no-derivatives license (CC-BY-NC-ND); cleaning/chunking is a derivative
10.1186_s12970-020-00381-6,10.1186/s12970-020-00381-6,BMC,CC-BY,CC-BY,gold,GREEN,"CC-BY (open, redistributable + derivatives)"
10.1186_s13040-020-00229-4,10.1186/s13040-020-00229-4,BMC,CC-BY,CC-BY,gold,GREEN,"CC-BY (open, redistributable + derivatives)"
10.1186_s40168-022-01367-z,10.1186/s40168-022-01367-z,BMC,CC-BY,CC-BY,gold,GREEN,"CC-BY (open, redistributable + derivatives)"
10.1186_s13148-021-01207-1,10.1186/s13148-021-01207-1,BMC,CC-BY,CC-BY,gold,GREEN,"CC-BY (open, redistributable + derivatives)"
10.1186_s13037-022-00343-8,10.1186/s13037-022-00343-8,BMC,CC-BY,CC-BY,gold,GREEN,"CC-BY (open, redistributable + derivatives)"
10.7554_eLife.02272,10.7554/eLife.02272,eLife,CC-BY,CC-BY,gold,GREEN,"CC-BY (open, redistributable + derivatives)"
10.7554_eLife.68346,10.7554/eLife.68346,eLife,CC-BY,CC-BY,gold,GREEN,"CC-BY (open, redistributable + derivatives)"
10.7554_eLife.51453,10.7554/eLife.51453,eLife,CC-BY,CC-BY,gold,GREEN,"CC-BY (open, redistributable + derivatives)"
10.7554_eLife.07888,10.7554/eLife.07888,eLife,CC-BY,CC-BY,gold,GREEN,"CC-BY (open, redistributable + derivatives)"
10.7554_eLife.63835,10.7554/eLife.63835,eLife,CC-BY,CC-BY,gold,GREEN,"CC-BY (open, redistributable + derivatives)"
10.7554_eLife.07118,10.7554/eLife.07118,eLife,CC-BY,public-domain,gold,GREEN,"public-domain (open, redistributable + derivatives)"
10.7554_eLife.23961,10.7554/eLife.23961,eLife,CC-BY,CC-BY,gold,GREEN,"CC-BY (open, redistributable + derivatives)"
10.7554_eLife.47804,10.7554/eLife.47804,eLife,CC-BY,CC-BY,gold,GREEN,"CC-BY (open, redistributable + derivatives)"
10.7554_eLife.39393,10.7554/eLife.39393,eLife,CC-BY,CC-BY,gold,GREEN,"CC-BY (open, redistributable + derivatives)"
10.7554_eLife.39637,10.7554/eLife.39637,eLife,CC-BY,CC-BY,gold,GREEN,"CC-BY (open, redistributable + derivatives)"
10.7554_eLife.52125,10.7554/eLife.52125,eLife,CC-BY,CC-BY,gold,GREEN,"CC-BY (open, redistributable + derivatives)"
10.7554_eLife.33572,10.7554/eLife.33572,eLife,CC-BY,CC-BY,gold,GREEN,"CC-BY (open, redistributable + derivatives)"
10.7554_eLife.12792,10.7554/eLife.12792,eLife,CC-BY,CC-BY,gold,GREEN,"CC-BY (open, redistributable + derivatives)"
10.7554_eLife.00792,10.7554/eLife.00792,eLife,CC-BY,CC-BY,gold,GREEN,"CC-BY (open, redistributable + derivatives)"
10.7554_eLife.65339,10.7554/eLife.65339,eLife,CC-BY,CC-BY,gold,GREEN,"CC-BY (open, redistributable + derivatives)"
10.7554_eLife.69091,10.7554/eLife.69091,eLife,CC-BY,CC-BY,gold,GREEN,"CC-BY (open, redistributable + derivatives)"
10.7554_eLife.29222,10.7554/eLife.29222,eLife,CC-BY,CC-BY,gold,GREEN,"CC-BY (open, redistributable + derivatives)"
10.7554_ELIFE.58157,10.7554/ELIFE.58157,eLife,CC-BY,CC-BY,gold,GREEN,"CC-BY (open, redistributable + derivatives)"
10.7554_eLife.60404,10.7554/eLife.60404,eLife,CC-BY,CC-BY,gold,GREEN,"CC-BY (open, redistributable + derivatives)"
10.7554_eLife.57322,10.7554/eLife.57322,eLife,CC-BY,CC-BY,gold,GREEN,"CC-BY (open, redistributable + derivatives)"
10.7554_eLife.44305,10.7554/eLife.44305,eLife,CC-BY,CC-BY,gold,GREEN,"CC-BY (open, redistributable + derivatives)"
10.7554_eLife.04871,10.7554/eLife.04871,eLife,CC-BY,CC-BY,gold,GREEN,"CC-BY (open, redistributable + derivatives)"
10.7554_eLife.35255,10.7554/eLife.35255,eLife,CC-BY,CC-BY,gold,GREEN,"CC-BY (open, redistributable + derivatives)"
10.7554_eLife.78136,10.7554/eLife.78136,eLife,CC-BY,CC-BY,gold,GREEN,"CC-BY (open, redistributable + derivatives)"
10.7554_eLife.55370,10.7554/eLife.55370,eLife,CC-BY,CC-BY,gold,GREEN,"CC-BY (open, redistributable + derivatives)"
10.7554_eLife.13879,10.7554/eLife.13879,eLife,CC-BY,CC-BY,gold,GREEN,"CC-BY (open, redistributable + derivatives)"
10.7554_eLife.08005,10.7554/eLife.08005,eLife,CC-BY,CC-BY,gold,GREEN,"CC-BY (open, redistributable + derivatives)"
10.7554_eLife.86628,10.7554/eLife.86628,eLife,CC-BY,CC-BY,gold,GREEN,"CC-BY (open, redistributable + derivatives)"
10.7554_eLife.83884,10.7554/eLife.83884,eLife,CC-BY,CC-BY,gold,GREEN,"CC-BY (open, redistributable + derivatives)"
10.7554_eLife.29023,10.7554/eLife.29023,eLife,CC-BY,CC-BY,gold,GREEN,"CC-BY (open, redistributable + derivatives)"
10.7554_eLife.14052,10.7554/eLife.14052,eLife,CC-BY,CC-BY,gold,GREEN,"CC-BY (open, redistributable + derivatives)"
10.7554_eLife.08363,10.7554/eLife.08363,eLife,CC-BY,CC-BY,gold,GREEN,"CC-BY (open, redistributable + derivatives)"
10.7554_eLife.67282,10.7554/eLife.67282,eLife,CC-BY,CC-BY,gold,GREEN,"CC-BY (open, redistributable + derivatives)"
10.7554_eLife.27854,10.7554/eLife.27854,eLife,CC-BY,CC-BY,gold,GREEN,"CC-BY (open, redistributable + derivatives)"
10.7554_eLife.06953,10.7554/eLife.06953,eLife,CC-BY,CC-BY,gold,GREEN,"CC-BY (open, redistributable + derivatives)"
10.7554_eLife.17756,10.7554/eLife.17756,eLife,CC-BY,CC-BY,gold,GREEN,"CC-BY (open, redistributable + derivatives)"
10.7554_eLife.00461,10.7554/eLife.00461,eLife,CC-BY,CC-BY,gold,GREEN,"CC-BY (open, redistributable + derivatives)"
10.7554_eLife.42806,10.7554/eLife.42806,eLife,CC-BY,CC-BY,gold,GREEN,"CC-BY (open, redistributable + derivatives)"
10.7554_eLife.13098,10.7554/eLife.13098,eLife,CC-BY,CC-BY,gold,GREEN,"CC-BY (open, redistributable + derivatives)"
10.7554_eLife.24414,10.7554/eLife.24414,eLife,CC-BY,CC-BY,gold,GREEN,"CC-BY (open, redistributable + derivatives)"
10.7554_eLife.73976,10.7554/eLife.73976,eLife,CC-BY,CC-BY,gold,GREEN,"CC-BY (open, redistributable + derivatives)"
10.7554_eLife.50279,10.7554/eLife.50279,eLife,CC-BY,CC-BY,gold,GREEN,"CC-BY (open, redistributable + derivatives)"
10.7554_eLife.57154,10.7554/eLife.57154,eLife,CC-BY,CC-BY,gold,GREEN,"CC-BY (open, redistributable + derivatives)"
10.7554_eLife.67772,10.7554/eLife.67772,eLife,CC-BY,CC-BY,gold,GREEN,"CC-BY (open, redistributable + derivatives)"
10.7554_eLife.01963,10.7554/eLife.01963,eLife,CC-BY,CC-BY,gold,GREEN,"CC-BY (open, redistributable + derivatives)"
10.7554_eLife.70658,10.7554/eLife.70658,eLife,CC-BY,CC-BY,gold,GREEN,"CC-BY (open, redistributable + derivatives)"
10.7554_eLife.29959,10.7554/eLife.29959,eLife,CC-BY,CC-BY,gold,GREEN,"CC-BY (open, redistributable + derivatives)"
10.7554_elife.98070,10.7554/elife.98070,eLife,CC-BY,CC-BY,gold,GREEN,"CC-BY (open, redistributable + derivatives)"
10.7554_eLife.23872,10.7554/eLife.23872,eLife,CC-BY,CC-BY,gold,GREEN,"CC-BY (open, redistributable + derivatives)"
10.7554_eLife.41771,10.7554/eLife.41771,eLife,CC-BY,CC-BY,gold,GREEN,"CC-BY (open, redistributable + derivatives)"
10.7554_eLife.40618,10.7554/eLife.40618,eLife,CC-BY,CC-BY,gold,GREEN,"CC-BY (open, redistributable + derivatives)"
10.7554_eLife.21687,10.7554/eLife.21687,eLife,CC-BY,CC-BY,gold,GREEN,"CC-BY (open, redistributable + derivatives)"
10.7554_eLife.29914,10.7554/eLife.29914,eLife,CC-BY,CC-BY,gold,GREEN,"CC-BY (open, redistributable + derivatives)"
10.7554_eLife.62588,10.7554/eLife.62588,eLife,CC-BY,CC-BY,gold,GREEN,"CC-BY (open, redistributable + derivatives)"
10.7554_eLife.66181,10.7554/eLife.66181,eLife,CC-BY,CC-BY,gold,GREEN,"CC-BY (open, redistributable + derivatives)"
10.7554_eLife.67659,10.7554/eLife.67659,eLife,CC-BY,CC-BY,gold,GREEN,"CC-BY (open, redistributable + derivatives)"
10.7554_eLife.13288,10.7554/eLife.13288,eLife,CC-BY,CC-BY,gold,GREEN,"CC-BY (open, redistributable + derivatives)"
10.7554_eLife.47732,10.7554/eLife.47732,eLife,CC-BY,CC-BY,gold,GREEN,"CC-BY (open, redistributable + derivatives)"
10.7554_eLife.70766,10.7554/eLife.70766,eLife,CC-BY,CC-BY,gold,GREEN,"CC-BY (open, redistributable + derivatives)"
10.7554_eLife.38114,10.7554/eLife.38114,eLife,CC-BY,CC-BY,gold,GREEN,"CC-BY (open, redistributable + derivatives)"
10.7554_eLife.28360,10.7554/eLife.28360,eLife,CC-BY,CC-BY,gold,GREEN,"CC-BY (open, redistributable + derivatives)"
10.7554_eLife.40499,10.7554/eLife.40499,eLife,CC-BY,CC-BY,gold,GREEN,"CC-BY (open, redistributable + derivatives)"
10.7554_eLife.55964,10.7554/eLife.55964,eLife,CC-BY,CC-BY,gold,GREEN,"CC-BY (open, redistributable + derivatives)"
10.7554_eLife.46689,10.7554/eLife.46689,eLife,CC-BY,CC-BY,gold,GREEN,"CC-BY (open, redistributable + derivatives)"
10.7554_eLife.13356,10.7554/eLife.13356,eLife,CC0,CC-BY,gold,GREEN,"CC0 (open, redistributable + derivatives)"
10.7554_ELIFE.59388,10.7554/ELIFE.59388,eLife,CC-BY,CC-BY,gold,GREEN,"CC-BY (open, redistributable + derivatives)"
10.7554_eLife.38183,10.7554/eLife.38183,eLife,CC-BY,CC-BY,gold,GREEN,"CC-BY (open, redistributable + derivatives)"
10.7554_eLife.73943,10.7554/eLife.73943,eLife,CC-BY,CC-BY,gold,GREEN,"CC-BY (open, redistributable + derivatives)"
10.7554_eLife.08698,10.7554/eLife.08698,eLife,CC-BY,CC-BY,gold,GREEN,"CC-BY (open, redistributable + derivatives)"
10.7554_eLife.18227,10.7554/eLife.18227,eLife,CC-BY,CC-BY,gold,GREEN,"CC-BY (open, redistributable + derivatives)"
10.12688_f1000research.9649.1,10.12688/f1000research.9649.1,F1000Research,CC-BY,CC-BY,gold,GREEN,"CC-BY (open, redistributable + derivatives)"
10.12688_f1000research.138867.1,10.12688/f1000research.138867.1,F1000Research,CC-BY,CC-BY,gold,GREEN,"CC-BY (open, redistributable + derivatives)"
10.12688_f1000research.144624.2,10.12688/f1000research.144624.2,F1000Research,CC-BY,CC-BY,gold,GREEN,"CC-BY (open, redistributable + derivatives)"
10.12688_f1000research.122649.1,10.12688/f1000research.122649.1,F1000Research,CC-BY,CC-BY,gold,GREEN,"CC-BY (open, redistributable + derivatives)"
10.12688_f1000research.145889.2,10.12688/f1000research.145889.2,F1000Research,CC-BY,CC-BY,gold,GREEN,"CC-BY (open, redistributable + derivatives)"
10.12688_openreseurope.14301.2,10.12688/openreseurope.14301.2,F1000Research,CC-BY,CC-BY,gold,GREEN,"CC-BY (open, redistributable + derivatives)"
10.12688_f1000research.73134.1,10.12688/f1000research.73134.1,F1000Research,CC-BY,CC-BY,gold,GREEN,"CC-BY (open, redistributable + derivatives)"
10.12688_f1000research.142513.1,10.12688/f1000research.142513.1,F1000Research,CC-BY,CC-BY,gold,GREEN,"CC-BY (open, redistributable + derivatives)"
10.12688_f1000research.8466.1,10.12688/f1000research.8466.1,F1000Research,CC-BY,CC-BY,gold,GREEN,"CC-BY (open, redistributable + derivatives)"
10.12688_f1000research.26731.1,10.12688/f1000research.26731.1,F1000Research,CC-BY,CC-BY,gold,GREEN,"CC-BY (open, redistributable + derivatives)"
10.12688_f1000research.129860.1,10.12688/f1000research.129860.1,F1000Research,CC-BY,CC-BY,gold,GREEN,"CC-BY (open, redistributable + derivatives)"
10.12688_f1000research.6075.1,10.12688/f1000research.6075.1,F1000Research,CC-BY,CC-BY,gold,GREEN,"CC-BY (open, redistributable + derivatives)"
10.12688_openreseurope.13860.2,10.12688/openreseurope.13860.2,F1000Research,CC-BY,CC-BY,gold,GREEN,"CC-BY (open, redistributable + derivatives)"
10.12688_openreseurope.14354.3,10.12688/openreseurope.14354.3,F1000Research,CC-BY,CC-BY,gold,GREEN,"CC-BY (open, redistributable + derivatives)"
10.12688_f1000research.4097.1,10.12688/f1000research.4097.1,F1000Research,CC-BY,CC-BY,gold,GREEN,"CC-BY (open, redistributable + derivatives)"
10.12688_openreseurope.17146.1,10.12688/openreseurope.17146.1,F1000Research,CC-BY,CC-BY,gold,GREEN,"CC-BY (open, redistributable + derivatives)"
10.12688_f1000research.26756.2,10.12688/f1000research.26756.2,F1000Research,CC-BY,CC-BY,gold,GREEN,"CC-BY (open, redistributable + derivatives)"
10.12688_f1000research.109399.1,10.12688/f1000research.109399.1,F1000Research,CC-BY,CC-BY,gold,GREEN,"CC-BY (open, redistributable + derivatives)"
10.12688_f1000research.16015.1,10.12688/f1000research.16015.1,F1000Research,CC-BY,CC-BY,gold,GREEN,"CC-BY (open, redistributable + derivatives)"
10.12688_f1000research.52836.2,10.12688/f1000research.52836.2,F1000Research,CC-BY,CC-BY,gold,GREEN,"CC-BY (open, redistributable + derivatives)"
10.12688_gatesopenres.13138.2,10.12688/gatesopenres.13138.2,F1000Research,CC-BY,CC-BY,gold,GREEN,"CC-BY (open, redistributable + derivatives)"
10.12688_f1000research.132880.2,10.12688/f1000research.132880.2,F1000Research,CC-BY,CC-BY,gold,GREEN,"CC-BY (open, redistributable + derivatives)"
10.12688_openreseurope.15154.2,10.12688/openreseurope.15154.2,F1000Research,CC-BY,CC-BY,gold,GREEN,"CC-BY (open, redistributable + derivatives)"
10.12688_f1000research.109586.1,10.12688/f1000research.109586.1,F1000Research,CC-BY,CC-BY,gold,GREEN,"CC-BY (open, redistributable + derivatives)"
10.12688_f1000research.126762.2,10.12688/f1000research.126762.2,F1000Research,CC-BY,CC-BY,gold,GREEN,"CC-BY (open, redistributable + derivatives)"
10.12688_f1000research.17959.1,10.12688/f1000research.17959.1,F1000Research,CC-BY,CC-BY,gold,GREEN,"CC-BY (open, redistributable + derivatives)"
10.12688_F1000RESEARCH.8132.2,10.12688/F1000RESEARCH.8132.2,F1000Research,CC-BY,CC-BY,gold,GREEN,"CC-BY (open, redistributable + derivatives)"
10.12688_f1000research.7537.1,10.12688/f1000research.7537.1,F1000Research,CC-BY,CC-BY,gold,GREEN,"CC-BY (open, redistributable + derivatives)"
10.12688_f1000research.108761.2,10.12688/f1000research.108761.2,F1000Research,CC-BY,CC-BY,gold,GREEN,"CC-BY (open, redistributable + derivatives)"
10.12688_f1000research.122764.1,10.12688/f1000research.122764.1,F1000Research,CC-BY,CC-BY,gold,GREEN,"CC-BY (open, redistributable + derivatives)"
10.12688_f1000research.7417.1,10.12688/f1000research.7417.1,F1000Research,CC-BY,CC-BY,gold,GREEN,"CC-BY (open, redistributable + derivatives)"
10.12688_f1000research.5836.2,10.12688/f1000research.5836.2,F1000Research,CC-BY,CC-BY,gold,GREEN,"CC-BY (open, redistributable + derivatives)"
10.12688_f1000research.11015.1,10.12688/f1000research.11015.1,F1000Research,CC-BY,CC-BY,gold,GREEN,"CC-BY (open, redistributable + derivatives)"
10.12688_f1000research.133426.1,10.12688/f1000research.133426.1,F1000Research,CC-BY,CC-BY,gold,GREEN,"CC-BY (open, redistributable + derivatives)"
10.12688_F1000RESEARCH.9185.1,10.12688/F1000RESEARCH.9185.1,F1000Research,CC-BY,CC-BY,gold,GREEN,"CC-BY (open, redistributable + derivatives)"
10.12688_wellcomeopenres.15675.2,10.12688/wellcomeopenres.15675.2,F1000Research,CC-BY,CC-BY,gold,GREEN,"CC-BY (open, redistributable + derivatives)"
10.12688_f1000research.127347.3,10.12688/f1000research.127347.3,F1000Research,CC-BY,CC-BY,gold,GREEN,"CC-BY (open, redistributable + derivatives)"
10.12688_F1000RESEARCH.25390.2,10.12688/F1000RESEARCH.25390.2,F1000Research,CC-BY,CC-BY,gold,GREEN,"CC-BY (open, redistributable + derivatives)"
10.12688_f1000research.73498.2,10.12688/f1000research.73498.2,F1000Research,CC-BY,CC-BY,gold,GREEN,"CC-BY (open, redistributable + derivatives)"
10.12688_f1000research.2-94.v1,10.12688/f1000research.2-94.v1,F1000Research,CC-BY,CC-BY,gold,GREEN,"CC-BY (open, redistributable + derivatives)"
10.3390_molecules28155728,10.3390/molecules28155728,MDPI,CC-BY,CC-BY,gold,GREEN,"CC-BY (open, redistributable + derivatives)"
10.3390_s21217333,10.3390/s21217333,MDPI,CC-BY,CC-BY,gold,GREEN,"CC-BY (open, redistributable + derivatives)"
10.3390_catal10030355,10.3390/catal10030355,MDPI,CC-BY,CC-BY,gold,GREEN,"CC-BY (open, redistributable + derivatives)"
10.3390_molecules30071560,10.3390/molecules30071560,MDPI,CC-BY,CC-BY,gold,GREEN,"CC-BY (open, redistributable + derivatives)"
10.3390_ma14174895,10.3390/ma14174895,MDPI,CC-BY,CC-BY,gold,GREEN,"CC-BY (open, redistributable + derivatives)"
10.3390_s23042178,10.3390/s23042178,MDPI,CC-BY,CC-BY,gold,GREEN,"CC-BY (open, redistributable + derivatives)"
10.3390_s24061810,10.3390/s24061810,MDPI,CC-BY,CC-BY,gold,GREEN,"CC-BY (open, redistributable + derivatives)"
10.3390_ma11071143,10.3390/ma11071143,MDPI,CC-BY,CC-BY,gold,GREEN,"CC-BY (open, redistributable + derivatives)"
10.3390_met7100439,10.3390/met7100439,MDPI,CC-BY,CC-BY,gold,GREEN,"CC-BY (open, redistributable + derivatives)"
10.3390_molecules29225339,10.3390/molecules29225339,MDPI,CC-BY,CC-BY,gold,GREEN,"CC-BY (open, redistributable + derivatives)"
10.3390_s22207789,10.3390/s22207789,MDPI,CC-BY,CC-BY,gold,GREEN,"CC-BY (open, redistributable + derivatives)"
10.3390_s23249638,10.3390/s23249638,MDPI,CC-BY,CC-BY,gold,GREEN,"CC-BY (open, redistributable + derivatives)"
10.3390_bios12060368,10.3390/bios12060368,MDPI,CC-BY,CC-BY,gold,GREEN,"CC-BY (open, redistributable + derivatives)"
10.3390_s18030730,10.3390/s18030730,MDPI,CC-BY,CC-BY,gold,GREEN,"CC-BY (open, redistributable + derivatives)"
10.3390_electronics9030469,10.3390/electronics9030469,MDPI,CC-BY,CC-BY,gold,GREEN,"CC-BY (open, redistributable + derivatives)"
10.3390_app14041487,10.3390/app14041487,MDPI,CC-BY,CC-BY,gold,GREEN,"CC-BY (open, redistributable + derivatives)"
10.3390_app8101775,10.3390/app8101775,MDPI,CC-BY,CC-BY,gold,GREEN,"CC-BY (open, redistributable + derivatives)"
10.3390_mi15101213,10.3390/mi15101213,MDPI,CC-BY,CC-BY,gold,GREEN,"CC-BY (open, redistributable + derivatives)"
10.3390_s16070978,10.3390/s16070978,MDPI,CC-BY,CC-BY,gold,GREEN,"CC-BY (open, redistributable + derivatives)"
10.3390_antibiotics13050469,10.3390/antibiotics13050469,MDPI,CC-BY,CC-BY,gold,GREEN,"CC-BY (open, redistributable + derivatives)"
10.3390_batteries9060335,10.3390/batteries9060335,MDPI,CC-BY,CC-BY,gold,GREEN,"CC-BY (open, redistributable + derivatives)"
10.3390_molecules29184305,10.3390/molecules29184305,MDPI,CC-BY,CC-BY,gold,GREEN,"CC-BY (open, redistributable + derivatives)"
10.3390_s23020913,10.3390/s23020913,MDPI,CC-BY,CC-BY,gold,GREEN,"CC-BY (open, redistributable + derivatives)"
10.3390_md21020103,10.3390/md21020103,MDPI,CC-BY,CC-BY,gold,GREEN,"CC-BY (open, redistributable + derivatives)"
10.3390_molecules28217443,10.3390/molecules28217443,MDPI,CC-BY,CC-BY,gold,GREEN,"CC-BY (open, redistributable + derivatives)"
10.3390_plants14030353,10.3390/plants14030353,MDPI,CC-BY,CC-BY,gold,GREEN,"CC-BY (open, redistributable + derivatives)"
10.3390_molecules29184482,10.3390/molecules29184482,MDPI,CC-BY,CC-BY,gold,GREEN,"CC-BY (open, redistributable + derivatives)"
10.3390_su14159039,10.3390/su14159039,MDPI,CC-BY,CC-BY,gold,GREEN,"CC-BY (open, redistributable + derivatives)"
10.3390_math11040970,10.3390/math11040970,MDPI,CC-BY,CC-BY,gold,GREEN,"CC-BY (open, redistributable + derivatives)"
10.3390_agronomy9110729,10.3390/agronomy9110729,MDPI,CC-BY,CC-BY,gold,GREEN,"CC-BY (open, redistributable + derivatives)"
10.3390_ph17010064,10.3390/ph17010064,MDPI,CC-BY,CC-BY,gold,GREEN,"CC-BY (open, redistributable + derivatives)"
10.3390_jcs4020082,10.3390/jcs4020082,MDPI,CC-BY,CC-BY,gold,GREEN,"CC-BY (open, redistributable + derivatives)"
10.3390_chemengineering6020027,10.3390/chemengineering6020027,MDPI,CC-BY,CC-BY,gold,GREEN,"CC-BY (open, redistributable + derivatives)"
10.3390_app14104068,10.3390/app14104068,MDPI,CC-BY,CC-BY,gold,GREEN,"CC-BY (open, redistributable + derivatives)"
10.3390_ma9110885,10.3390/ma9110885,MDPI,CC-BY,CC-BY,gold,GREEN,"CC-BY (open, redistributable + derivatives)"
10.3390_en17164007,10.3390/en17164007,MDPI,CC-BY,CC-BY,gold,GREEN,"CC-BY (open, redistributable + derivatives)"
10.3390_polym14245401,10.3390/polym14245401,MDPI,CC-BY,CC-BY,gold,GREEN,"CC-BY (open, redistributable + derivatives)"
10.3390_s16060851,10.3390/s16060851,MDPI,CC-BY,CC-BY,gold,GREEN,"CC-BY (open, redistributable + derivatives)"
10.3390_molecules27092958,10.3390/molecules27092958,MDPI,CC-BY,CC-BY,gold,GREEN,"CC-BY (open, redistributable + derivatives)"
10.3390_foods11182877,10.3390/foods11182877,MDPI,CC-BY,CC-BY,gold,GREEN,"CC-BY (open, redistributable + derivatives)"
10.3390_s130404811,10.3390/s130404811,MDPI,CC-BY,CC-BY,gold,GREEN,"CC-BY (open, redistributable + derivatives)"
10.3390_ijms20205135,10.3390/ijms20205135,MDPI,CC-BY,CC-BY,gold,GREEN,"CC-BY (open, redistributable + derivatives)"
10.3390_app9010154,10.3390/app9010154,MDPI,CC-BY,CC-BY,gold,GREEN,"CC-BY (open, redistributable + derivatives)"
10.3390_s131012929,10.3390/s131012929,MDPI,CC-BY,CC-BY,gold,GREEN,"CC-BY (open, redistributable + derivatives)"
10.3390_s21051646,10.3390/s21051646,MDPI,CC-BY,CC-BY,gold,GREEN,"CC-BY (open, redistributable + derivatives)"
10.3390_s140916423,10.3390/s140916423,MDPI,CC-BY,CC-BY,gold,GREEN,"CC-BY (open, redistributable + derivatives)"
10.3390_ph14121282,10.3390/ph14121282,MDPI,CC-BY,CC-BY,gold,GREEN,"CC-BY (open, redistributable + derivatives)"
10.3390_membranes13060581,10.3390/membranes13060581,MDPI,CC-BY,CC-BY,gold,GREEN,"CC-BY (open, redistributable + derivatives)"
10.3390_ijms20205009,10.3390/ijms20205009,MDPI,CC-BY,CC-BY,gold,GREEN,"CC-BY (open, redistributable + derivatives)"
10.3390_s18041011,10.3390/s18041011,MDPI,CC-BY,CC-BY,gold,GREEN,"CC-BY (open, redistributable + derivatives)"
10.3390_s22041476,10.3390/s22041476,MDPI,CC-BY,CC-BY,gold,GREEN,"CC-BY (open, redistributable + derivatives)"
10.3390_s140814302,10.3390/s140814302,MDPI,CC-BY,CC-BY,gold,GREEN,"CC-BY (open, redistributable + derivatives)"
10.3390_polym16050700,10.3390/polym16050700,MDPI,CC-BY,CC-BY,gold,GREEN,"CC-BY (open, redistributable + derivatives)"
10.3390_pr12030516,10.3390/pr12030516,MDPI,CC-BY,CC-BY,gold,GREEN,"CC-BY (open, redistributable + derivatives)"
10.3390_polym12051109,10.3390/polym12051109,MDPI,CC-BY,CC-BY,gold,GREEN,"CC-BY (open, redistributable + derivatives)"
10.3390_ma14133672,10.3390/ma14133672,MDPI,CC-BY,CC-BY,gold,GREEN,"CC-BY (open, redistributable + derivatives)"
10.3390_s19112477,10.3390/s19112477,MDPI,CC-BY,CC-BY,gold,GREEN,"CC-BY (open, redistributable + derivatives)"
10.3390_su141711086,10.3390/su141711086,MDPI,CC-BY,CC-BY,gold,GREEN,"CC-BY (open, redistributable + derivatives)"
10.3390_biomechanics4020015,10.3390/biomechanics4020015,MDPI,CC-BY,CC-BY,gold,GREEN,"CC-BY (open, redistributable + derivatives)"
10.3390_s20143988,10.3390/s20143988,MDPI,CC-BY,CC-BY,gold,GREEN,"CC-BY (open, redistributable + derivatives)"
10.3390_chemosensors9010007,10.3390/chemosensors9010007,MDPI,CC-BY,CC-BY,gold,GREEN,"CC-BY (open, redistributable + derivatives)"
10.3390_machines12090612,10.3390/machines12090612,MDPI,CC-BY,CC-BY,gold,GREEN,"CC-BY (open, redistributable + derivatives)"
10.3390_s24196191,10.3390/s24196191,MDPI,CC-BY,CC-BY,gold,GREEN,"CC-BY (open, redistributable + derivatives)"
10.3390_jsan2020196,10.3390/jsan2020196,MDPI,CC-BY,CC-BY,gold,GREEN,"CC-BY (open, redistributable + derivatives)"
10.3390_biomimetics8060471,10.3390/biomimetics8060471,MDPI,CC-BY,CC-BY,gold,GREEN,"CC-BY (open, redistributable + derivatives)"
10.3390_catal10010107,10.3390/catal10010107,MDPI,CC-BY,CC-BY,gold,GREEN,"CC-BY (open, redistributable + derivatives)"
10.3390_ijms20030495,10.3390/ijms20030495,MDPI,CC-BY,CC-BY,gold,GREEN,"CC-BY (open, redistributable + derivatives)"
10.3390_ma13132890,10.3390/ma13132890,MDPI,CC-BY,CC-BY,gold,GREEN,"CC-BY (open, redistributable + derivatives)"
10.3390_s21134363,10.3390/s21134363,MDPI,CC-BY,CC-BY,gold,GREEN,"CC-BY (open, redistributable + derivatives)"
10.3390_s21154982,10.3390/s21154982,MDPI,CC-BY,CC-BY,gold,GREEN,"CC-BY (open, redistributable + derivatives)"
10.3390_nano10122455,10.3390/nano10122455,MDPI,CC-BY,CC-BY,gold,GREEN,"CC-BY (open, redistributable + derivatives)"
10.3390_molecules200712045,10.3390/molecules200712045,MDPI,CC-BY,CC-BY,gold,GREEN,"CC-BY (open, redistributable + derivatives)"
10.3390_nano14191575,10.3390/nano14191575,MDPI,CC-BY,CC-BY,gold,GREEN,"CC-BY (open, redistributable + derivatives)"
10.3390_w15010137,10.3390/w15010137,MDPI,CC-BY,CC-BY,gold,GREEN,"CC-BY (open, redistributable + derivatives)"
10.3390_mi11030254,10.3390/mi11030254,MDPI,CC-BY,CC-BY,gold,GREEN,"CC-BY (open, redistributable + derivatives)"
10.3390_s19224891,10.3390/s19224891,MDPI,CC-BY,CC-BY,gold,GREEN,"CC-BY (open, redistributable + derivatives)"
10.3390_batteries8090113,10.3390/batteries8090113,MDPI,CC-BY,CC-BY,gold,GREEN,"CC-BY (open, redistributable + derivatives)"
10.3390_s23104672,10.3390/s23104672,MDPI,CC-BY,CC-BY,gold,GREEN,"CC-BY (open, redistributable + derivatives)"
10.3390_molecules28041815,10.3390/molecules28041815,MDPI,CC-BY,CC-BY,gold,GREEN,"CC-BY (open, redistributable + derivatives)"
10.3390_polym16172391,10.3390/polym16172391,MDPI,CC-BY,CC-BY,gold,GREEN,"CC-BY (open, redistributable + derivatives)"
10.3390_aerospace11050330,10.3390/aerospace11050330,MDPI,CC-BY,CC-BY,gold,GREEN,"CC-BY (open, redistributable + derivatives)"
10.3390_app12147216,10.3390/app12147216,MDPI,CC-BY,CC-BY,gold,GREEN,"CC-BY (open, redistributable + derivatives)"
10.3390_en14020273,10.3390/en14020273,MDPI,CC-BY,CC-BY,gold,GREEN,"CC-BY (open, redistributable + derivatives)"
10.3390_catal9080679,10.3390/catal9080679,MDPI,CC-BY,CC-BY,gold,GREEN,"CC-BY (open, redistributable + derivatives)"
10.3390_rs14092244,10.3390/rs14092244,MDPI,CC-BY,CC-BY,gold,GREEN,"CC-BY (open, redistributable + derivatives)"
10.3390_ijms24032017,10.3390/ijms24032017,MDPI,CC-BY,CC-BY,gold,GREEN,"CC-BY (open, redistributable + derivatives)"
10.3390_en13236216,10.3390/en13236216,MDPI,CC-BY,CC-BY,gold,GREEN,"CC-BY (open, redistributable + derivatives)"
10.3390_s23249822,10.3390/s23249822,MDPI,CC-BY,CC-BY,gold,GREEN,"CC-BY (open, redistributable + derivatives)"
10.3390_s19143083,10.3390/s19143083,MDPI,CC-BY,CC-BY,gold,GREEN,"CC-BY (open, redistributable + derivatives)"
10.3390_foods13162530,10.3390/foods13162530,MDPI,CC-BY,CC-BY,gold,GREEN,"CC-BY (open, redistributable + derivatives)"
10.3390_rs14122743,10.3390/rs14122743,MDPI,CC-BY,CC-BY,gold,GREEN,"CC-BY (open, redistributable + derivatives)"
10.3390_ijerph20054499,10.3390/ijerph20054499,MDPI,CC-BY,CC-BY,gold,GREEN,"CC-BY (open, redistributable + derivatives)"
10.3390_polym12102192,10.3390/polym12102192,MDPI,CC-BY,CC-BY,gold,GREEN,"CC-BY (open, redistributable + derivatives)"
10.3390_nano10091628,10.3390/nano10091628,MDPI,CC-BY,CC-BY,gold,GREEN,"CC-BY (open, redistributable + derivatives)"
10.3390_electronics10243099,10.3390/electronics10243099,MDPI,CC-BY,CC-BY,gold,GREEN,"CC-BY (open, redistributable + derivatives)"
10.3390_s24237799,10.3390/s24237799,MDPI,CC-BY,CC-BY,gold,GREEN,"CC-BY (open, redistributable + derivatives)"
10.3390_s25010235,10.3390/s25010235,MDPI,CC-BY,CC-BY,gold,GREEN,"CC-BY (open, redistributable + derivatives)"
10.3390_membranes14030056,10.3390/membranes14030056,MDPI,CC-BY,CC-BY,gold,GREEN,"CC-BY (open, redistributable + derivatives)"
10.3390_v5081924,10.3390/v5081924,MDPI,CC-BY,CC-BY,gold,GREEN,"CC-BY (open, redistributable + derivatives)"
10.3390_biology10101049,10.3390/biology10101049,MDPI,CC-BY,CC-BY,gold,GREEN,"CC-BY (open, redistributable + derivatives)"
10.3390_molecules29225249,10.3390/molecules29225249,MDPI,CC-BY,CC-BY,gold,GREEN,"CC-BY (open, redistributable + derivatives)"
10.3390_s120607033,10.3390/s120607033,MDPI,CC-BY,CC-BY,gold,GREEN,"CC-BY (open, redistributable + derivatives)"
10.3390_bios14060291,10.3390/bios14060291,MDPI,CC-BY,CC-BY,gold,GREEN,"CC-BY (open, redistributable + derivatives)"
10.3390_ijms25189951,10.3390/ijms25189951,MDPI,CC-BY,CC-BY,gold,GREEN,"CC-BY (open, redistributable + derivatives)"
10.3390_en13236272,10.3390/en13236272,MDPI,CC-BY,CC-BY,gold,GREEN,"CC-BY (open, redistributable + derivatives)"
10.3390_bios10120207,10.3390/bios10120207,MDPI,CC-BY,CC-BY,gold,GREEN,"CC-BY (open, redistributable + derivatives)"
10.3390_ijms20071627,10.3390/ijms20071627,MDPI,CC-BY,CC-BY,gold,GREEN,"CC-BY (open, redistributable + derivatives)"
10.3390_polym11101635,10.3390/polym11101635,MDPI,CC-BY,CC-BY,gold,GREEN,"CC-BY (open, redistributable + derivatives)"
10.3390_s16010089,10.3390/s16010089,MDPI,CC-BY,CC-BY,gold,GREEN,"CC-BY (open, redistributable + derivatives)"
10.3390_chemosensors7010014,10.3390/chemosensors7010014,MDPI,CC-BY,CC-BY,gold,GREEN,"CC-BY (open, redistributable + derivatives)"
10.3390_catal13040706,10.3390/catal13040706,MDPI,CC-BY,CC-BY,gold,GREEN,"CC-BY (open, redistributable + derivatives)"
10.3390_s17061451,10.3390/s17061451,MDPI,CC-BY,CC-BY,gold,GREEN,"CC-BY (open, redistributable + derivatives)"
10.3390_app11073127,10.3390/app11073127,MDPI,CC-BY,CC-BY,gold,GREEN,"CC-BY (open, redistributable + derivatives)"
10.3390_ijms25031593,10.3390/ijms25031593,MDPI,CC-BY,CC-BY,gold,GREEN,"CC-BY (open, redistributable + derivatives)"
10.3390_su16010306,10.3390/su16010306,MDPI,CC-BY,CC-BY,gold,GREEN,"CC-BY (open, redistributable + derivatives)"
10.3390_land11101728,10.3390/land11101728,MDPI,CC-BY,CC-BY,gold,GREEN,"CC-BY (open, redistributable + derivatives)"
10.3390_molecules23020479,10.3390/molecules23020479,MDPI,CC-BY,CC-BY,gold,GREEN,"CC-BY (open, redistributable + derivatives)"
10.3390_ijms24086878,10.3390/ijms24086878,MDPI,CC-BY,CC-BY,gold,GREEN,"CC-BY (open, redistributable + derivatives)"
10.3390_su10093007,10.3390/su10093007,MDPI,CC-BY,CC-BY,gold,GREEN,"CC-BY (open, redistributable + derivatives)"
10.3390_w11050981,10.3390/w11050981,MDPI,CC-BY,CC-BY,gold,GREEN,"CC-BY (open, redistributable + derivatives)"
10.3390_mi10060380,10.3390/mi10060380,MDPI,CC-BY,CC-BY,gold,GREEN,"CC-BY (open, redistributable + derivatives)"
10.3390_polym14010185,10.3390/polym14010185,MDPI,CC-BY,CC-BY,gold,GREEN,"CC-BY (open, redistributable + derivatives)"
10.3390_s24051692,10.3390/s24051692,MDPI,CC-BY,CC-BY,gold,GREEN,"CC-BY (open, redistributable + derivatives)"
10.3390_en16114270,10.3390/en16114270,MDPI,CC-BY,CC-BY,gold,GREEN,"CC-BY (open, redistributable + derivatives)"
10.3390_s16050724,10.3390/s16050724,MDPI,CC-BY,CC-BY,gold,GREEN,"CC-BY (open, redistributable + derivatives)"
10.3390_s18124122,10.3390/s18124122,MDPI,CC-BY,CC-BY,gold,GREEN,"CC-BY (open, redistributable + derivatives)"
10.3390_rs13204026,10.3390/rs13204026,MDPI,CC-BY,CC-BY,gold,GREEN,"CC-BY (open, redistributable + derivatives)"
10.3390_min5020276,10.3390/min5020276,MDPI,CC-BY,CC-BY,gold,GREEN,"CC-BY (open, redistributable + derivatives)"
10.3390_s130607140,10.3390/s130607140,MDPI,CC-BY,CC-BY,gold,GREEN,"CC-BY (open, redistributable + derivatives)"
10.3390_s16050670,10.3390/s16050670,MDPI,CC-BY,CC-BY,gold,GREEN,"CC-BY (open, redistributable + derivatives)"
10.3390_su14095360,10.3390/su14095360,MDPI,CC-BY,CC-BY,gold,GREEN,"CC-BY (open, redistributable + derivatives)"
10.3390_w16111561,10.3390/w16111561,MDPI,CC-BY,CC-BY,gold,GREEN,"CC-BY (open, redistributable + derivatives)"
10.3390_ani14132001,10.3390/ani14132001,MDPI,CC-BY,CC-BY,gold,GREEN,"CC-BY (open, redistributable + derivatives)"
10.3390_batteries10040126,10.3390/batteries10040126,MDPI,CC-BY,CC-BY,gold,GREEN,"CC-BY (open, redistributable + derivatives)"
10.3390_app14030998,10.3390/app14030998,MDPI,CC-BY,CC-BY,gold,GREEN,"CC-BY (open, redistributable + derivatives)"
10.3390_s100403597,10.3390/s100403597,MDPI,CC-BY,CC-BY,gold,GREEN,"CC-BY (open, redistributable + derivatives)"
10.3390_s20030800,10.3390/s20030800,MDPI,CC-BY,CC-BY,gold,GREEN,"CC-BY (open, redistributable + derivatives)"
10.3390_cryst14050447,10.3390/cryst14050447,MDPI,CC-BY,CC-BY,gold,GREEN,"CC-BY (open, redistributable + derivatives)"
10.3390_mi12111430,10.3390/mi12111430,MDPI,CC-BY,CC-BY,gold,GREEN,"CC-BY (open, redistributable + derivatives)"
10.3390_genes14091771,10.3390/genes14091771,MDPI,CC-BY,CC-BY,gold,GREEN,"CC-BY (open, redistributable + derivatives)"
10.3390_cryst11091030,10.3390/cryst11091030,MDPI,CC-BY,CC-BY,gold,GREEN,"CC-BY (open, redistributable + derivatives)"
10.3390_bios12080614,10.3390/bios12080614,MDPI,CC-BY,CC-BY,gold,GREEN,"CC-BY (open, redistributable + derivatives)"
10.3390_s120302710,10.3390/s120302710,MDPI,CC-BY,CC-BY,gold,GREEN,"CC-BY (open, redistributable + derivatives)"
10.3390_catal13091260,10.3390/catal13091260,MDPI,CC-BY,CC-BY,gold,GREEN,"CC-BY (open, redistributable + derivatives)"
10.3390_s23239344,10.3390/s23239344,MDPI,CC-BY,CC-BY,gold,GREEN,"CC-BY (open, redistributable + derivatives)"
10.3390_ijerph191711138,10.3390/ijerph191711138,MDPI,CC-BY,CC-BY,gold,GREEN,"CC-BY (open, redistributable + derivatives)"
10.3390_machines9060119,10.3390/machines9060119,MDPI,CC-BY,CC-BY,gold,GREEN,"CC-BY (open, redistributable + derivatives)"
10.3390_fermentation4020042,10.3390/fermentation4020042,MDPI,CC-BY,CC-BY,gold,GREEN,"CC-BY (open, redistributable + derivatives)"
10.3390_s150306818,10.3390/s150306818,MDPI,CC-BY,CC-BY,gold,GREEN,"CC-BY (open, redistributable + derivatives)"
10.3390_smartcities5040080,10.3390/smartcities5040080,MDPI,CC-BY,CC-BY,gold,GREEN,"CC-BY (open, redistributable + derivatives)"
10.3390_s21062124,10.3390/s21062124,MDPI,CC-BY,CC-BY,gold,GREEN,"CC-BY (open, redistributable + derivatives)"
10.3390_atmos11040376,10.3390/atmos11040376,MDPI,CC-BY,CC-BY,gold,GREEN,"CC-BY (open, redistributable + derivatives)"
10.3390_s120202088,10.3390/s120202088,MDPI,CC-BY,CC-BY,gold,GREEN,"CC-BY (open, redistributable + derivatives)"
10.3390_w16081167,10.3390/w16081167,MDPI,CC-BY,CC-BY,gold,GREEN,"CC-BY (open, redistributable + derivatives)"
10.3390_batteries8110224,10.3390/batteries8110224,MDPI,CC-BY,CC-BY,gold,GREEN,"CC-BY (open, redistributable + derivatives)"
10.3390_app12041895,10.3390/app12041895,MDPI,CC-BY,CC-BY,gold,GREEN,"CC-BY (open, redistributable + derivatives)"
10.3390_bios12121159,10.3390/bios12121159,MDPI,CC-BY,CC-BY,gold,GREEN,"CC-BY (open, redistributable + derivatives)"
10.3390_s150613568,10.3390/s150613568,MDPI,CC-BY,CC-BY,gold,GREEN,"CC-BY (open, redistributable + derivatives)"
10.3390_ma11030345,10.3390/ma11030345,MDPI,CC-BY,CC-BY,gold,GREEN,"CC-BY (open, redistributable + derivatives)"
10.3390_s24072305,10.3390/s24072305,MDPI,CC-BY,CC-BY,gold,GREEN,"CC-BY (open, redistributable + derivatives)"
10.3390_s19040854,10.3390/s19040854,MDPI,CC-BY,CC-BY,gold,GREEN,"CC-BY (open, redistributable + derivatives)"
10.3390_agriculture14030489,10.3390/agriculture14030489,MDPI,CC-BY,CC-BY,gold,GREEN,"CC-BY (open, redistributable + derivatives)"
10.3390_s24134365,10.3390/s24134365,MDPI,CC-BY,CC-BY,gold,GREEN,"CC-BY (open, redistributable + derivatives)"
10.3390_molecules27031083,10.3390/molecules27031083,MDPI,CC-BY,CC-BY,gold,GREEN,"CC-BY (open, redistributable + derivatives)"
10.3390_resources13120171,10.3390/resources13120171,MDPI,CC-BY,CC-BY,gold,GREEN,"CC-BY (open, redistributable + derivatives)"
10.3390_md20010029,10.3390/md20010029,MDPI,CC-BY,CC-BY,gold,GREEN,"CC-BY (open, redistributable + derivatives)"
10.3390_s22062101,10.3390/s22062101,MDPI,CC-BY,CC-BY,gold,GREEN,"CC-BY (open, redistributable + derivatives)"
10.3390_app9235237,10.3390/app9235237,MDPI,CC-BY,CC-BY,gold,GREEN,"CC-BY (open, redistributable + derivatives)"
10.3390_molecules25081803,10.3390/molecules25081803,MDPI,CC-BY,CC-BY,gold,GREEN,"CC-BY (open, redistributable + derivatives)"
10.3390_molecules200917533,10.3390/molecules200917533,MDPI,CC-BY,CC-BY,gold,GREEN,"CC-BY (open, redistributable + derivatives)"
10.3390_fi16060186,10.3390/fi16060186,MDPI,CC-BY,CC-BY,gold,GREEN,"CC-BY (open, redistributable + derivatives)"
10.3390_rs12233979,10.3390/rs12233979,MDPI,CC-BY,CC-BY,gold,GREEN,"CC-BY (open, redistributable + derivatives)"
10.3390_bios13110984,10.3390/bios13110984,MDPI,CC-BY,CC-BY,gold,GREEN,"CC-BY (open, redistributable + derivatives)"
10.3390_jsan10010001,10.3390/jsan10010001,MDPI,CC-BY,CC-BY,gold,GREEN,"CC-BY (open, redistributable + derivatives)"
10.3390_su5051893,10.3390/su5051893,MDPI,CC-BY,CC-BY,gold,GREEN,"CC-BY (open, redistributable + derivatives)"
10.3390_s17071661,10.3390/s17071661,MDPI,CC-BY,CC-BY,gold,GREEN,"CC-BY (open, redistributable + derivatives)"
10.3390_membranes8030036,10.3390/membranes8030036,MDPI,CC-BY,CC-BY,gold,GREEN,"CC-BY (open, redistributable + derivatives)"
10.3390_chemosensors9110314,10.3390/chemosensors9110314,MDPI,CC-BY,CC-BY,gold,GREEN,"CC-BY (open, redistributable + derivatives)"
10.3390_w14040531,10.3390/w14040531,MDPI,CC-BY,CC-BY,gold,GREEN,"CC-BY (open, redistributable + derivatives)"
10.3390_molecules27196517,10.3390/molecules27196517,MDPI,CC-BY,CC-BY,gold,GREEN,"CC-BY (open, redistributable + derivatives)"
10.3390_ijms25136947,10.3390/ijms25136947,MDPI,CC-BY,CC-BY,gold,GREEN,"CC-BY (open, redistributable + derivatives)"
10.3390_rs13193885,10.3390/rs13193885,MDPI,CC-BY,CC-BY,gold,GREEN,"CC-BY (open, redistributable + derivatives)"
10.3390_pharmaceutics15041154,10.3390/pharmaceutics15041154,MDPI,CC-BY,CC-BY,gold,GREEN,"CC-BY (open, redistributable + derivatives)"
10.3390_electrochem4040028,10.3390/electrochem4040028,MDPI,CC-BY,CC-BY,gold,GREEN,"CC-BY (open, redistributable + derivatives)"
10.3390_s24217066,10.3390/s24217066,MDPI,CC-BY,CC-BY,gold,GREEN,"CC-BY (open, redistributable + derivatives)"
10.3390_s22124333,10.3390/s22124333,MDPI,CC-BY,CC-BY,gold,GREEN,"CC-BY (open, redistributable + derivatives)"
10.3390_electronics13193800,10.3390/electronics13193800,MDPI,CC-BY,CC-BY,gold,GREEN,"CC-BY (open, redistributable + derivatives)"
10.3390_ijms251910346,10.3390/ijms251910346,MDPI,CC-BY,CC-BY,gold,GREEN,"CC-BY (open, redistributable + derivatives)"
10.3390_nano13131987,10.3390/nano13131987,MDPI,CC-BY,CC-BY,gold,GREEN,"CC-BY (open, redistributable + derivatives)"
10.3390_nano8070464,10.3390/nano8070464,MDPI,CC-BY,CC-BY,gold,GREEN,"CC-BY (open, redistributable + derivatives)"
10.3390_vaccines11040771,10.3390/vaccines11040771,MDPI,CC-BY,CC-BY,gold,GREEN,"CC-BY (open, redistributable + derivatives)"
10.3390_v15010008,10.3390/v15010008,MDPI,CC-BY,CC-BY,gold,GREEN,"CC-BY (open, redistributable + derivatives)"
10.3390_ijms25084413,10.3390/ijms25084413,MDPI,CC-BY,CC-BY,gold,GREEN,"CC-BY (open, redistributable + derivatives)"
10.3390_app14114344,10.3390/app14114344,MDPI,CC-BY,CC-BY,gold,GREEN,"CC-BY (open, redistributable + derivatives)"
10.3390_rs13204148,10.3390/rs13204148,MDPI,CC-BY,CC-BY,gold,GREEN,"CC-BY (open, redistributable + derivatives)"
10.3390_catal9030258,10.3390/catal9030258,MDPI,CC-BY,CC-BY,gold,GREEN,"CC-BY (open, redistributable + derivatives)"
10.3390_s22041517,10.3390/s22041517,MDPI,CC-BY,CC-BY,gold,GREEN,"CC-BY (open, redistributable + derivatives)"
10.3390_bios14050224,10.3390/bios14050224,MDPI,CC-BY,CC-BY,gold,GREEN,"CC-BY (open, redistributable + derivatives)"
10.3390_nano15221745,10.3390/nano15221745,MDPI,CC-BY,CC-BY,gold,GREEN,"CC-BY (open, redistributable + derivatives)"
10.3390_min12101259,10.3390/min12101259,MDPI,CC-BY,CC-BY,gold,GREEN,"CC-BY (open, redistributable + derivatives)"
10.5194_cp-14-601-2018,10.5194/cp-14-601-2018,Copernicus,CC-BY,CC-BY,gold,GREEN,"CC-BY (open, redistributable + derivatives)"
10.5194_acp-24-6757-2024,10.5194/acp-24-6757-2024,Copernicus,CC-BY,CC-BY,gold,GREEN,"CC-BY (open, redistributable + derivatives)"
10.5194_acp-12-8009-2012,10.5194/acp-12-8009-2012,Copernicus,CC-BY,CC-BY,gold,GREEN,"CC-BY (open, redistributable + derivatives)"
10.5194_tc-14-165-2020,10.5194/tc-14-165-2020,Copernicus,CC-BY,CC-BY,gold,GREEN,"CC-BY (open, redistributable + derivatives)"
10.5194_jsss-7-43-2018,10.5194/jsss-7-43-2018,Copernicus,CC-BY,CC-BY,gold,GREEN,"CC-BY (open, redistributable + derivatives)"
10.5194_hess-22-4083-2018,10.5194/hess-22-4083-2018,Copernicus,CC-BY,CC-BY,gold,GREEN,"CC-BY (open, redistributable + derivatives)"
10.5194_nhess-21-2597-2021,10.5194/nhess-21-2597-2021,Copernicus,CC-BY,CC-BY,gold,GREEN,"CC-BY (open, redistributable + derivatives)"
10.5194_acp-13-9057-2013,10.5194/acp-13-9057-2013,Copernicus,CC-BY,CC-BY,gold,GREEN,"CC-BY (open, redistributable + derivatives)"
10.5194_tc-18-489-2024,10.5194/tc-18-489-2024,Copernicus,CC-BY,CC-BY,gold,GREEN,"CC-BY (open, redistributable + derivatives)"
10.5194_amt-17-5709-2024,10.5194/amt-17-5709-2024,Copernicus,CC-BY,CC-BY,gold,GREEN,"CC-BY (open, redistributable + derivatives)"
10.5194_nhess-20-3197-2020,10.5194/nhess-20-3197-2020,Copernicus,CC-BY,CC-BY,gold,GREEN,"CC-BY (open, redistributable + derivatives)"
10.5194_jsss-7-481-2018,10.5194/jsss-7-481-2018,Copernicus,CC-BY,CC-BY,gold,GREEN,"CC-BY (open, redistributable + derivatives)"
10.5194_nhess-9-585-2009,10.5194/nhess-9-585-2009,Copernicus,CC-BY,CC-BY,gold,GREEN,"CC-BY (open, redistributable + derivatives)"
10.5194_gmd-17-6903-2024,10.5194/gmd-17-6903-2024,Copernicus,CC-BY,CC-BY,gold,GREEN,"CC-BY (open, redistributable + derivatives)"
10.5194_mr-2-699-2021,10.5194/mr-2-699-2021,Copernicus,CC-BY,CC-BY,gold,GREEN,"CC-BY (open, redistributable + derivatives)"
10.5194_gi-13-337-2024,10.5194/gi-13-337-2024,Copernicus,CC-BY,CC-BY,gold,GREEN,"CC-BY (open, redistributable + derivatives)"
10.5194_jsss-6-155-2017,10.5194/jsss-6-155-2017,Copernicus,CC-BY,CC-BY,gold,GREEN,"CC-BY (open, redistributable + derivatives)"
10.5194_amt-12-1905-2019,10.5194/amt-12-1905-2019,Copernicus,CC-BY,CC-BY,gold,GREEN,"CC-BY (open, redistributable + derivatives)"
10.5194_gi-7-223-2018,10.5194/gi-7-223-2018,Copernicus,CC-BY,CC-BY,gold,GREEN,"CC-BY (open, redistributable + derivatives)"
10.5194_gi-12-45-2023,10.5194/gi-12-45-2023,Copernicus,CC-BY,CC-BY,gold,GREEN,"CC-BY (open, redistributable + derivatives)"
10.5194_hess-21-3071-2017,10.5194/hess-21-3071-2017,Copernicus,CC-BY,CC-BY,gold,GREEN,"CC-BY (open, redistributable + derivatives)"
10.5194_hess-28-5419-2024,10.5194/hess-28-5419-2024,Copernicus,CC-BY,CC-BY,gold,GREEN,"CC-BY (open, redistributable + derivatives)"
10.5194_bg-15-6349-2018,10.5194/bg-15-6349-2018,Copernicus,CC-BY,CC-BY,gold,GREEN,"CC-BY (open, redistributable + derivatives)"
10.5194_acp-19-8399-2019,10.5194/acp-19-8399-2019,Copernicus,CC-BY,CC-BY,gold,GREEN,"CC-BY (open, redistributable + derivatives)"
10.5194_ejm-37-783-2025,10.5194/ejm-37-783-2025,Copernicus,CC-BY,CC-BY,gold,GREEN,"CC-BY (open, redistributable + derivatives)"
10.5194_gmd-18-3735-2025,10.5194/gmd-18-3735-2025,Copernicus,CC-BY,CC-BY,gold,GREEN,"CC-BY (open, redistributable + derivatives)"
10.5194_bg-21-3239-2024,10.5194/bg-21-3239-2024,Copernicus,CC-BY,CC-BY,gold,GREEN,"CC-BY (open, redistributable + derivatives)"
10.5194_acp-7-4281-2007,10.5194/acp-7-4281-2007,Copernicus,CC-BY-NC-SA,CC-BY,gold,GREEN,"CC-BY (open, redistributable + derivatives)"
10.5194_amt-15-1395-2022,10.5194/amt-15-1395-2022,Copernicus,CC-BY,CC-BY,gold,GREEN,"CC-BY (open, redistributable + derivatives)"
10.5194_acp-22-1951-2022,10.5194/acp-22-1951-2022,Copernicus,CC-BY,CC-BY,gold,GREEN,"CC-BY (open, redistributable + derivatives)"
10.5194_amt-15-1491-2022,10.5194/amt-15-1491-2022,Copernicus,CC-BY,CC-BY,gold,GREEN,"CC-BY (open, redistributable + derivatives)"
10.5194_essd-17-1693-2025,10.5194/essd-17-1693-2025,Copernicus,CC-BY,CC-BY,gold,GREEN,"CC-BY (open, redistributable + derivatives)"
10.5194_jsss-9-1-2020,10.5194/jsss-9-1-2020,Copernicus,CC-BY,CC-BY,gold,GREEN,"CC-BY (open, redistributable + derivatives)"
10.5194_acp-25-12955-2025,10.5194/acp-25-12955-2025,Copernicus,CC-BY,CC-BY,gold,GREEN,"CC-BY (open, redistributable + derivatives)"
10.5194_amt-15-5399-2022,10.5194/amt-15-5399-2022,Copernicus,CC-BY,CC-BY,gold,GREEN,"CC-BY (open, redistributable + derivatives)"
10.5194_jsss-13-123-2024,10.5194/jsss-13-123-2024,Copernicus,CC-BY,CC-BY,gold,GREEN,"CC-BY (open, redistributable + derivatives)"
10.5194_amt-17-73-2024,10.5194/amt-17-73-2024,Copernicus,CC-BY,CC-BY,gold,GREEN,"CC-BY (open, redistributable + derivatives)"
10.5194_jsss-7-349-2018,10.5194/jsss-7-349-2018,Copernicus,CC-BY,CC-BY,gold,GREEN,"CC-BY (open, redistributable + derivatives)"
10.5194_amt-17-899-2024,10.5194/amt-17-899-2024,Copernicus,CC-BY,CC-BY,gold,GREEN,"CC-BY (open, redistributable + derivatives)"
10.5194_gmd-17-381-2024,10.5194/gmd-17-381-2024,Copernicus,CC-BY,CC-BY,gold,GREEN,"CC-BY (open, redistributable + derivatives)"
10.5194_hess-25-5219-2021,10.5194/hess-25-5219-2021,Copernicus,CC-BY,CC-BY,gold,GREEN,"CC-BY (open, redistributable + derivatives)"
10.5194_jsss-12-123-2023,10.5194/jsss-12-123-2023,Copernicus,CC-BY,CC-BY,gold,GREEN,"CC-BY (open, redistributable + derivatives)"
10.5194_bg-22-5651-2025,10.5194/bg-22-5651-2025,Copernicus,CC-BY,CC-BY,gold,GREEN,"CC-BY (open, redistributable + derivatives)"
10.5194_isprs-archives-xlviii-m-7-2025-121-2025,10.5194/isprs-archives-xlviii-m-7-2025-121-2025,Copernicus,CC-BY,CC-BY,gold,GREEN,"CC-BY (open, redistributable + derivatives)"
10.5194_amt-15-6447-2022,10.5194/amt-15-6447-2022,Copernicus,CC-BY,CC-BY,gold,GREEN,"CC-BY (open, redistributable + derivatives)"
10.5194_gi-9-275-2020,10.5194/gi-9-275-2020,Copernicus,CC-BY,CC-BY,gold,GREEN,"CC-BY (open, redistributable + derivatives)"
10.5194_acp-24-5433-2024,10.5194/acp-24-5433-2024,Copernicus,CC-BY,CC-BY,gold,GREEN,"CC-BY (open, redistributable + derivatives)"
10.5194_amt-13-969-2020,10.5194/amt-13-969-2020,Copernicus,CC-BY,CC-BY,gold,GREEN,"CC-BY (open, redistributable + derivatives)"
10.5194_amt-17-181-2024,10.5194/amt-17-181-2024,Copernicus,CC-BY,CC-BY,gold,GREEN,"CC-BY (open, redistributable + derivatives)"
10.5194_hess-22-5889-2018,10.5194/hess-22-5889-2018,Copernicus,CC-BY,CC-BY,gold,GREEN,"CC-BY (open, redistributable + derivatives)"
10.5194_tc-13-1565-2019,10.5194/tc-13-1565-2019,Copernicus,CC-BY,CC-BY,gold,GREEN,"CC-BY (open, redistributable + derivatives)"
10.5194_nhess-14-3123-2014,10.5194/nhess-14-3123-2014,Copernicus,CC-BY,CC-BY,gold,GREEN,"CC-BY (open, redistributable + derivatives)"
10.5194_acp-19-14107-2019,10.5194/acp-19-14107-2019,Copernicus,CC-BY,CC-BY,gold,GREEN,"CC-BY (open, redistributable + derivatives)"
10.5194_jsss-5-55-2016,10.5194/jsss-5-55-2016,Copernicus,CC-BY,CC-BY,gold,GREEN,"CC-BY (open, redistributable + derivatives)"
10.5194_hess-16-2499-2012,10.5194/hess-16-2499-2012,Copernicus,CC-BY,CC-BY,gold,GREEN,"CC-BY (open, redistributable + derivatives)"
10.5194_tc-16-2373-2022,10.5194/tc-16-2373-2022,Copernicus,CC-BY,CC-BY,gold,GREEN,"CC-BY (open, redistributable + derivatives)"
10.5194_jsss-13-245-2024,10.5194/jsss-13-245-2024,Copernicus,CC-BY,CC-BY,gold,GREEN,"CC-BY (open, redistributable + derivatives)"
10.5194_amt-15-2001-2022,10.5194/amt-15-2001-2022,Copernicus,CC-BY,CC-BY,gold,GREEN,"CC-BY (open, redistributable + derivatives)"
10.5194_amt-11-3569-2018,10.5194/amt-11-3569-2018,Copernicus,CC-BY,CC-BY,gold,GREEN,"CC-BY (open, redistributable + derivatives)"
10.5194_amt-9-1505-2016,10.5194/amt-9-1505-2016,Copernicus,CC-BY,CC-BY,gold,GREEN,"CC-BY (open, redistributable + derivatives)"
10.5194_acp-17-11273-2017,10.5194/acp-17-11273-2017,Copernicus,CC-BY,CC-BY,gold,GREEN,"CC-BY (open, redistributable + derivatives)"
10.5194_amt-7-4431-2014,10.5194/amt-7-4431-2014,Copernicus,CC-BY,CC-BY,gold,GREEN,"CC-BY (open, redistributable + derivatives)"
10.5194_jsss-7-507-2018,10.5194/jsss-7-507-2018,Copernicus,CC-BY,CC-BY,gold,GREEN,"CC-BY (open, redistributable + derivatives)"
10.5194_acp-20-99-2020,10.5194/acp-20-99-2020,Copernicus,CC-BY,CC-BY,gold,GREEN,"CC-BY (open, redistributable + derivatives)"
10.5194_gi-7-143-2018,10.5194/gi-7-143-2018,Copernicus,CC-BY,CC-BY,gold,GREEN,"CC-BY (open, redistributable + derivatives)"
10.5194_dwes-12-39-2019,10.5194/dwes-12-39-2019,Copernicus,CC-BY,CC-BY,gold,GREEN,"CC-BY (open, redistributable + derivatives)"
10.5194_hess-26-5817-2022,10.5194/hess-26-5817-2022,Copernicus,CC-BY,CC-BY,gold,GREEN,"CC-BY (open, redistributable + derivatives)"
10.5194_amt-10-2627-2017,10.5194/amt-10-2627-2017,Copernicus,CC-BY,CC-BY,gold,GREEN,"CC-BY (open, redistributable + derivatives)"
10.5194_essd-16-4777-2024,10.5194/essd-16-4777-2024,Copernicus,CC-BY,CC-BY,gold,GREEN,"CC-BY (open, redistributable + derivatives)"
10.5194_gi-9-337-2020,10.5194/gi-9-337-2020,Copernicus,CC-BY,CC-BY,gold,GREEN,"CC-BY (open, redistributable + derivatives)"
10.5194_isprs-archives-xlviii-m-6-2025-61-2025,10.5194/isprs-archives-xlviii-m-6-2025-61-2025,Copernicus,CC-BY,CC-BY,gold,GREEN,"CC-BY (open, redistributable + derivatives)"
10.5194_dwes-14-95-2021,10.5194/dwes-14-95-2021,Copernicus,CC-BY,CC-BY,gold,GREEN,"CC-BY (open, redistributable + derivatives)"
10.5194_amt-7-81-2014,10.5194/amt-7-81-2014,Copernicus,CC-BY,CC-BY,gold,GREEN,"CC-BY (open, redistributable + derivatives)"
10.5194_jsss-8-75-2019,10.5194/jsss-8-75-2019,Copernicus,CC-BY,CC-BY,gold,GREEN,"CC-BY (open, redistributable + derivatives)"
10.5194_ars-5-135-2007,10.5194/ars-5-135-2007,Copernicus,CC-BY-NC-SA,CC-BY,gold,GREEN,"CC-BY (open, redistributable + derivatives)"
10.5194_hess-21-3879-2017,10.5194/hess-21-3879-2017,Copernicus,CC-BY,CC-BY,gold,GREEN,"CC-BY (open, redistributable + derivatives)"
10.5194_jsss-7-235-2018,10.5194/jsss-7-235-2018,Copernicus,CC-BY,CC-BY,gold,GREEN,"CC-BY (open, redistributable + derivatives)"
10.5194_os-15-127-2019,10.5194/os-15-127-2019,Copernicus,CC-BY,CC-BY,gold,GREEN,"CC-BY (open, redistributable + derivatives)"
10.5194_amt-9-2179-2016,10.5194/amt-9-2179-2016,Copernicus,CC-BY,CC-BY,gold,GREEN,"CC-BY (open, redistributable + derivatives)"
10.5194_isprs-archives-xlviii-m-7-2025-229-2025,10.5194/isprs-archives-xlviii-m-7-2025-229-2025,Copernicus,CC-BY,CC-BY,gold,GREEN,"CC-BY (open, redistributable + derivatives)"
10.1371_journal.pone.0134298,10.1371/journal.pone.0134298,PLOS,CC-BY,CC-BY,gold,GREEN,"CC-BY (open, redistributable + derivatives)"
10.1371_journal.ppat.1003703,10.1371/journal.ppat.1003703,PLOS,CC-BY,CC-BY,gold,GREEN,"CC-BY (open, redistributable + derivatives)"
10.1371_journal.ppat.1003989,10.1371/journal.ppat.1003989,PLOS,CC-BY,CC-BY,gold,GREEN,"CC-BY (open, redistributable + derivatives)"
10.1371_journal.pone.0264561,10.1371/journal.pone.0264561,PLOS,CC-BY,CC-BY,gold,GREEN,"CC-BY (open, redistributable + derivatives)"
10.1371_journal.pntd.0004639,10.1371/journal.pntd.0004639,PLOS,CC0,CC-BY,gold,GREEN,"CC0 (open, redistributable + derivatives)"
10.1371_journal.pone.0087299,10.1371/journal.pone.0087299,PLOS,CC-BY,CC-BY,gold,GREEN,"CC-BY (open, redistributable + derivatives)"
10.1371_journal.pgen.1011208,10.1371/journal.pgen.1011208,PLOS,CC-BY,CC-BY,gold,GREEN,"CC-BY (open, redistributable + derivatives)"
10.1371_journal.pdig.0000584,10.1371/journal.pdig.0000584,PLOS,CC-BY,CC-BY,gold,GREEN,"CC-BY (open, redistributable + derivatives)"
10.1371_journal.pone.0174407,10.1371/journal.pone.0174407,PLOS,CC-BY,CC-BY,gold,GREEN,"CC-BY (open, redistributable + derivatives)"
10.1371_journal.pone.0244910,10.1371/journal.pone.0244910,PLOS,CC-BY,CC-BY,gold,GREEN,"CC-BY (open, redistributable + derivatives)"
10.1371_journal.pone.0091582,10.1371/journal.pone.0091582,PLOS,CC-BY,CC-BY,gold,GREEN,"CC-BY (open, redistributable + derivatives)"
10.1371_journal.pone.0138710,10.1371/journal.pone.0138710,PLOS,CC0,CC-BY,gold,GREEN,"CC0 (open, redistributable + derivatives)"
10.1371_journal.pone.0092475,10.1371/journal.pone.0092475,PLOS,CC-BY,CC-BY,gold,GREEN,"CC-BY (open, redistributable + derivatives)"
10.1371_journal.pone.0101801,10.1371/journal.pone.0101801,PLOS,CC-BY,CC-BY,gold,GREEN,"CC-BY (open, redistributable + derivatives)"
10.1371_journal.pone.0194496,10.1371/journal.pone.0194496,PLOS,CC-BY,CC-BY,gold,GREEN,"CC-BY (open, redistributable + derivatives)"
10.1371_journal.pone.0112070,10.1371/journal.pone.0112070,PLOS,CC-BY,CC-BY,gold,GREEN,"CC-BY (open, redistributable + derivatives)"
10.1371_journal.pcbi.1000727,10.1371/journal.pcbi.1000727,PLOS,CC-BY,CC-BY,gold,GREEN,"CC-BY (open, redistributable + derivatives)"
10.1371_journal.pbio.0000068,10.1371/journal.pbio.0000068,PLOS,CC-BY,CC-BY,gold,GREEN,"CC-BY (open, redistributable + derivatives)"
10.1371_journal.pone.0022246,10.1371/journal.pone.0022246,PLOS,CC-BY,CC-BY,gold,GREEN,"CC-BY (open, redistributable + derivatives)"
10.1371_journal.pone.0281102,10.1371/journal.pone.0281102,PLOS,CC-BY,CC-BY,gold,GREEN,"CC-BY (open, redistributable + derivatives)"
10.1371_journal.pone.0051779,10.1371/journal.pone.0051779,PLOS,CC-BY,CC-BY,gold,GREEN,"CC-BY (open, redistributable + derivatives)"
10.1371_journal.pone.0063240,10.1371/journal.pone.0063240,PLOS,CC-BY,CC-BY,gold,GREEN,"CC-BY (open, redistributable + derivatives)"
10.1371_journal.pone.0092202,10.1371/journal.pone.0092202,PLOS,CC-BY,CC-BY,gold,GREEN,"CC-BY (open, redistributable + derivatives)"
10.1371_journal.pone.0317739,10.1371/journal.pone.0317739,PLOS,CC-BY,CC-BY,gold,GREEN,"CC-BY (open, redistributable + derivatives)"
10.1371_journal.pone.0066178,10.1371/journal.pone.0066178,PLOS,CC-BY,CC-BY,gold,GREEN,"CC-BY (open, redistributable + derivatives)"
10.1371_journal.pone.0037184,10.1371/journal.pone.0037184,PLOS,CC-BY,CC-BY,gold,GREEN,"CC-BY (open, redistributable + derivatives)"
10.1371_journal.pone.0043792,10.1371/journal.pone.0043792,PLOS,CC-BY,CC-BY,gold,GREEN,"CC-BY (open, redistributable + derivatives)"
10.1371_journal.pone.0113418,10.1371/journal.pone.0113418,PLOS,CC-BY,CC-BY,gold,GREEN,"CC-BY (open, redistributable + derivatives)"
10.1371_journal.pone.0207434,10.1371/journal.pone.0207434,PLOS,CC-BY,CC-BY,gold,GREEN,"CC-BY (open, redistributable + derivatives)"
10.1371_journal.pone.0186286,10.1371/journal.pone.0186286,PLOS,CC-BY,CC-BY,gold,GREEN,"CC-BY (open, redistributable + derivatives)"
10.1371_journal.pone.0262333,10.1371/journal.pone.0262333,PLOS,CC-BY,CC-BY,gold,GREEN,"CC-BY (open, redistributable + derivatives)"
10.1371_journal.pone.0167343,10.1371/journal.pone.0167343,PLOS,CC-BY,CC-BY,gold,GREEN,"CC-BY (open, redistributable + derivatives)"
10.1371_journal.pone.0181490,10.1371/journal.pone.0181490,PLOS,CC-BY,CC-BY,gold,GREEN,"CC-BY (open, redistributable + derivatives)"
10.1371_journal.pone.0046829,10.1371/journal.pone.0046829,PLOS,CC-BY,CC-BY,gold,GREEN,"CC-BY (open, redistributable + derivatives)"
10.1371_journal.pone.0239010,10.1371/journal.pone.0239010,PLOS,CC-BY,CC-BY,gold,GREEN,"CC-BY (open, redistributable + derivatives)"
10.1371_journal.pone.0250550,10.1371/journal.pone.0250550,PLOS,CC-BY,CC-BY,gold,GREEN,"CC-BY (open, redistributable + derivatives)"
10.1371_journal.pone.0032336,10.1371/journal.pone.0032336,PLOS,CC-BY,CC-BY,gold,GREEN,"CC-BY (open, redistributable + derivatives)"
10.1371_journal.pone.0266632,10.1371/journal.pone.0266632,PLOS,CC-BY,CC-BY,gold,GREEN,"CC-BY (open, redistributable + derivatives)"
10.1371_journal.pone.0183268,10.1371/journal.pone.0183268,PLOS,CC-BY,CC-BY,gold,GREEN,"CC-BY (open, redistributable + derivatives)"
10.1371_journal.pone.0149612,10.1371/journal.pone.0149612,PLOS,CC-BY,CC-BY,gold,GREEN,"CC-BY (open, redistributable + derivatives)"
10.1371_journal.pone.0036735,10.1371/journal.pone.0036735,PLOS,CC-BY,CC-BY,gold,GREEN,"CC-BY (open, redistributable + derivatives)"
10.1371_journal.pntd.0004300,10.1371/journal.pntd.0004300,PLOS,CC-BY,CC-BY,gold,GREEN,"CC-BY (open, redistributable + derivatives)"
10.1371_journal.pone.0012732,10.1371/journal.pone.0012732,PLOS,CC-BY,CC-BY,gold,GREEN,"CC-BY (open, redistributable + derivatives)"
10.1371_journal.pone.0068932,10.1371/journal.pone.0068932,PLOS,CC-BY,CC-BY,gold,GREEN,"CC-BY (open, redistributable + derivatives)"
10.1371_journal.pone.0323644,10.1371/journal.pone.0323644,PLOS,CC-BY,CC-BY,gold,GREEN,"CC-BY (open, redistributable + derivatives)"
10.1371_journal.pone.0102083,10.1371/journal.pone.0102083,PLOS,CC-BY,CC-BY,gold,GREEN,"CC-BY (open, redistributable + derivatives)"
10.1371_journal.pone.0139095,10.1371/journal.pone.0139095,PLOS,CC-BY,CC-BY,gold,GREEN,"CC-BY (open, redistributable + derivatives)"
10.1371_journal.pbio.1002267,10.1371/journal.pbio.1002267,PLOS,CC-BY,CC-BY,gold,GREEN,"CC-BY (open, redistributable + derivatives)"
10.1371_journal.pone.0124602,10.1371/journal.pone.0124602,PLOS,CC-BY,CC-BY,gold,GREEN,"CC-BY (open, redistributable + derivatives)"
10.1371_journal.pone.0300187,10.1371/journal.pone.0300187,PLOS,CC-BY,CC-BY,gold,GREEN,"CC-BY (open, redistributable + derivatives)"
10.1371_journal.pone.0022976,10.1371/journal.pone.0022976,PLOS,CC-BY,CC-BY,gold,GREEN,"CC-BY (open, redistributable + derivatives)"
10.1371_journal.ppat.1004944,10.1371/journal.ppat.1004944,PLOS,CC-BY,CC-BY,gold,GREEN,"CC-BY (open, redistributable + derivatives)"
10.1371_journal.pone.0227684,10.1371/journal.pone.0227684,PLOS,CC-BY,CC-BY,gold,GREEN,"CC-BY (open, redistributable + derivatives)"
10.1371_journal.pone.0118200,10.1371/journal.pone.0118200,PLOS,CC-BY,CC-BY,gold,GREEN,"CC-BY (open, redistributable + derivatives)"
10.1371_journal.pone.0075695,10.1371/journal.pone.0075695,PLOS,CC-BY,CC-BY,gold,GREEN,"CC-BY (open, redistributable + derivatives)"
10.1371_journal.pone.0141087,10.1371/journal.pone.0141087,PLOS,CC-BY,CC-BY,gold,GREEN,"CC-BY (open, redistributable + derivatives)"
10.1371_journal.pone.0093908,10.1371/journal.pone.0093908,PLOS,CC-BY,CC-BY,gold,GREEN,"CC-BY (open, redistributable + derivatives)"
10.1371_journal.pone.0262240,10.1371/journal.pone.0262240,PLOS,CC-BY,CC-BY,gold,GREEN,"CC-BY (open, redistributable + derivatives)"
10.1371_journal.pone.0115819,10.1371/journal.pone.0115819,PLOS,CC-BY,CC-BY,gold,GREEN,"CC-BY (open, redistributable + derivatives)"
10.1371_journal.pone.0179855,10.1371/journal.pone.0179855,PLOS,CC-BY,CC-BY,gold,GREEN,"CC-BY (open, redistributable + derivatives)"
10.1371_journal.pone.0050287,10.1371/journal.pone.0050287,PLOS,CC-BY,CC-BY,gold,GREEN,"CC-BY (open, redistributable + derivatives)"
10.1371_journal.pone.0118606,10.1371/journal.pone.0118606,PLOS,CC-BY,CC-BY,gold,GREEN,"CC-BY (open, redistributable + derivatives)"
10.1371_journal.pone.0164367,10.1371/journal.pone.0164367,PLOS,CC-BY,CC-BY,gold,GREEN,"CC-BY (open, redistributable + derivatives)"
10.1371_journal.pone.0070272,10.1371/journal.pone.0070272,PLOS,CC-BY,CC-BY,gold,GREEN,"CC-BY (open, redistributable + derivatives)"
10.1371_journal.pone.0037893,10.1371/journal.pone.0037893,PLOS,CC-BY,CC-BY,gold,GREEN,"CC-BY (open, redistributable + derivatives)"
10.1371_journal.pone.0155190,10.1371/journal.pone.0155190,PLOS,CC-BY,CC-BY,gold,GREEN,"CC-BY (open, redistributable + derivatives)"
10.1371_journal.pone.0335351,10.1371/journal.pone.0335351,PLOS,CC-BY,CC-BY,gold,GREEN,"CC-BY (open, redistributable + derivatives)"
10.1371_journal.pone.0288919,10.1371/journal.pone.0288919,PLOS,CC-BY,CC-BY,gold,GREEN,"CC-BY (open, redistributable + derivatives)"
10.1371_journal.pcbi.1003115,10.1371/journal.pcbi.1003115,PLOS,CC-BY,CC-BY,gold,GREEN,"CC-BY (open, redistributable + derivatives)"
10.1371_journal.pone.0078768,10.1371/journal.pone.0078768,PLOS,CC-BY,CC-BY,gold,GREEN,"CC-BY (open, redistributable + derivatives)"
10.1371_journal.pone.0056469,10.1371/journal.pone.0056469,PLOS,CC-BY,CC-BY,gold,GREEN,"CC-BY (open, redistributable + derivatives)"
10.1371_journal.pone.0161494,10.1371/journal.pone.0161494,PLOS,CC-BY,CC-BY,gold,GREEN,"CC-BY (open, redistributable + derivatives)"
10.1371_journal.pone.0294311,10.1371/journal.pone.0294311,PLOS,CC-BY,CC-BY,gold,GREEN,"CC-BY (open, redistributable + derivatives)"
10.1371_journal.pone.0297398,10.1371/journal.pone.0297398,PLOS,CC-BY,CC-BY,gold,GREEN,"CC-BY (open, redistributable + derivatives)"
10.1371_journal.pone.0207247,10.1371/journal.pone.0207247,PLOS,CC-BY,CC-BY,gold,GREEN,"CC-BY (open, redistributable + derivatives)"
10.1371_journal.pgen.1000788,10.1371/journal.pgen.1000788,PLOS,CC-BY,CC-BY,gold,GREEN,"CC-BY (open, redistributable + derivatives)"
10.1371_journal.pgen.1010335,10.1371/journal.pgen.1010335,PLOS,CC-BY,CC-BY,gold,GREEN,"CC-BY (open, redistributable + derivatives)"
10.1371_journal.pone.0107749,10.1371/journal.pone.0107749,PLOS,CC-BY,CC-BY,gold,GREEN,"CC-BY (open, redistributable + derivatives)"
10.1371_journal.pone.0185894,10.1371/journal.pone.0185894,PLOS,CC-BY,CC-BY,gold,GREEN,"CC-BY (open, redistributable + derivatives)"
10.1371_JOURNAL.PPAT.1009030,10.1371/JOURNAL.PPAT.1009030,PLOS,CC-BY,CC-BY,gold,GREEN,"CC-BY (open, redistributable + derivatives)"
10.1371_journal.pcbi.1011275,10.1371/journal.pcbi.1011275,PLOS,CC-BY,CC-BY,gold,GREEN,"CC-BY (open, redistributable + derivatives)"
10.1371_journal.pone.0070715,10.1371/journal.pone.0070715,PLOS,CC-BY,CC-BY,gold,GREEN,"CC-BY (open, redistributable + derivatives)"
10.1371_journal.ppat.1009857,10.1371/journal.ppat.1009857,PLOS,CC-BY,CC-BY,gold,GREEN,"CC-BY (open, redistributable + derivatives)"
10.1371_journal.pone.0052212,10.1371/journal.pone.0052212,PLOS,CC-BY,CC-BY,gold,GREEN,"CC-BY (open, redistributable + derivatives)"
10.1371_journal.pone.0091121,10.1371/journal.pone.0091121,PLOS,CC-BY,CC-BY,gold,GREEN,"CC-BY (open, redistributable + derivatives)"
10.1371_journal.pone.0140423,10.1371/journal.pone.0140423,PLOS,CC-BY,CC-BY,gold,GREEN,"CC-BY (open, redistributable + derivatives)"
10.1371_journal.ppat.1001290,10.1371/journal.ppat.1001290,PLOS,CC-BY,CC-BY,gold,GREEN,"CC-BY (open, redistributable + derivatives)"
10.1371_journal.pone.0029575,10.1371/journal.pone.0029575,PLOS,CC-BY,CC-BY,gold,GREEN,"CC-BY (open, redistributable + derivatives)"
10.1371_journal.pone.0137270,10.1371/journal.pone.0137270,PLOS,CC0,CC-BY,gold,GREEN,"CC0 (open, redistributable + derivatives)"
10.1371_journal.pone.0160359,10.1371/journal.pone.0160359,PLOS,CC-BY,CC-BY,gold,GREEN,"CC-BY (open, redistributable + derivatives)"
10.1371_journal.ppat.0040017,10.1371/journal.ppat.0040017,PLOS,CC-BY,CC-BY,gold,GREEN,"CC-BY (open, redistributable + derivatives)"
10.1371_journal.pone.0253463,10.1371/journal.pone.0253463,PLOS,CC-BY,CC-BY,gold,GREEN,"CC-BY (open, redistributable + derivatives)"
10.1371_journal.pone.0297464,10.1371/journal.pone.0297464,PLOS,CC-BY,CC-BY,gold,GREEN,"CC-BY (open, redistributable + derivatives)"
10.1371_journal.pone.0026316,10.1371/journal.pone.0026316,PLOS,CC-BY,CC-BY,gold,GREEN,"CC-BY (open, redistributable + derivatives)"
10.1371_journal.ppat.1003861,10.1371/journal.ppat.1003861,PLOS,CC-BY,CC-BY,gold,GREEN,"CC-BY (open, redistributable + derivatives)"
10.1371_journal.pcbi.1005126,10.1371/journal.pcbi.1005126,PLOS,CC-BY,CC-BY,gold,GREEN,"CC-BY (open, redistributable + derivatives)"
10.1371_journal.pone.0075836,10.1371/journal.pone.0075836,PLOS,CC-BY,CC-BY,gold,GREEN,"CC-BY (open, redistributable + derivatives)"
10.1371_journal.pone.0157923,10.1371/journal.pone.0157923,PLOS,CC-BY,CC-BY,gold,GREEN,"CC-BY (open, redistributable + derivatives)"
10.1371_journal.pbio.3000732,10.1371/journal.pbio.3000732,PLOS,CC-BY,CC-BY,gold,GREEN,"CC-BY (open, redistributable + derivatives)"
10.1371_journal.pone.0081742,10.1371/journal.pone.0081742,PLOS,CC-BY,CC-BY,gold,GREEN,"CC-BY (open, redistributable + derivatives)"
10.1371_journal.pone.0129203,10.1371/journal.pone.0129203,PLOS,CC-BY,CC-BY,gold,GREEN,"CC-BY (open, redistributable + derivatives)"
10.1371_journal.pone.0172842,10.1371/journal.pone.0172842,PLOS,CC-BY,CC-BY,gold,GREEN,"CC-BY (open, redistributable + derivatives)"
10.1371_journal.pone.0210869,10.1371/journal.pone.0210869,PLOS,CC-BY,CC-BY,gold,GREEN,"CC-BY (open, redistributable + derivatives)"
10.1371_journal.pone.0054162,10.1371/journal.pone.0054162,PLOS,CC-BY,CC-BY,gold,GREEN,"CC-BY (open, redistributable + derivatives)"
10.1371_journal.pone.0016850,10.1371/journal.pone.0016850,PLOS,none,CC-BY,gold,GREEN,"CC-BY (open, redistributable + derivatives)"
10.1371_journal.pone.0170625,10.1371/journal.pone.0170625,PLOS,CC-BY,CC-BY,gold,GREEN,"CC-BY (open, redistributable + derivatives)"
10.1371_journal.pone.0200812,10.1371/journal.pone.0200812,PLOS,CC-BY,CC-BY,gold,GREEN,"CC-BY (open, redistributable + derivatives)"
10.1371_journal.pcbi.1011059,10.1371/journal.pcbi.1011059,PLOS,CC-BY,CC-BY,gold,GREEN,"CC-BY (open, redistributable + derivatives)"
10.1371_journal.pone.0005228,10.1371/journal.pone.0005228,PLOS,CC-BY,CC-BY,gold,GREEN,"CC-BY (open, redistributable + derivatives)"
10.1371_journal.pone.0163856,10.1371/journal.pone.0163856,PLOS,CC-BY,CC-BY,gold,GREEN,"CC-BY (open, redistributable + derivatives)"
10.1371_journal.pone.0111811,10.1371/journal.pone.0111811,PLOS,CC-BY,CC-BY,gold,GREEN,"CC-BY (open, redistributable + derivatives)"
10.1371_journal.pone.0134444,10.1371/journal.pone.0134444,PLOS,CC-BY,CC-BY,gold,GREEN,"CC-BY (open, redistributable + derivatives)"
10.1371_journal.pone.0001224,10.1371/journal.pone.0001224,PLOS,CC-BY,CC-BY,gold,GREEN,"CC-BY (open, redistributable + derivatives)"
10.1371_journal.pcbi.1012489,10.1371/journal.pcbi.1012489,PLOS,CC-BY,CC-BY,gold,GREEN,"CC-BY (open, redistributable + derivatives)"
10.1371_journal.pone.0041667,10.1371/journal.pone.0041667,PLOS,CC-BY,CC-BY,gold,GREEN,"CC-BY (open, redistributable + derivatives)"
10.1371_journal.pone.0149096,10.1371/journal.pone.0149096,PLOS,CC-BY,CC-BY,gold,GREEN,"CC-BY (open, redistributable + derivatives)"
10.1371_journal.pgen.1006667,10.1371/journal.pgen.1006667,PLOS,CC-BY,CC-BY,gold,GREEN,"CC-BY (open, redistributable + derivatives)"
10.1371_journal.pgen.1000073,10.1371/journal.pgen.1000073,PLOS,CC-BY,CC-BY,gold,GREEN,"CC-BY (open, redistributable + derivatives)"
10.1371_journal.pone.0184487,10.1371/journal.pone.0184487,PLOS,CC-BY,CC-BY,gold,GREEN,"CC-BY (open, redistributable + derivatives)"
10.1371_journal.pone.0158766,10.1371/journal.pone.0158766,PLOS,CC-BY,CC-BY,gold,GREEN,"CC-BY (open, redistributable + derivatives)"
10.1371_journal.pwat.0000188,10.1371/journal.pwat.0000188,PLOS,CC-BY,CC-BY,gold,GREEN,"CC-BY (open, redistributable + derivatives)"
10.1371_journal.pone.0024986,10.1371/journal.pone.0024986,PLOS,CC-BY,CC-BY,gold,GREEN,"CC-BY (open, redistributable + derivatives)"
10.1371_journal.pone.0245258,10.1371/journal.pone.0245258,PLOS,CC-BY,CC-BY,gold,GREEN,"CC-BY (open, redistributable + derivatives)"
10.1371_journal.pone.0312931,10.1371/journal.pone.0312931,PLOS,CC-BY,CC-BY,gold,GREEN,"CC-BY (open, redistributable + derivatives)"
10.1371_journal.pone.0133039,10.1371/journal.pone.0133039,PLOS,CC0,CC-BY,gold,GREEN,"CC0 (open, redistributable + derivatives)"
10.1371_journal.pone.0052247,10.1371/journal.pone.0052247,PLOS,CC-BY,CC-BY,gold,GREEN,"CC-BY (open, redistributable + derivatives)"
10.1371_journal.pone.0239047,10.1371/journal.pone.0239047,PLOS,CC-BY,CC-BY,gold,GREEN,"CC-BY (open, redistributable + derivatives)"
10.1371_journal.pone.0297581,10.1371/journal.pone.0297581,PLOS,CC-BY,CC-BY,gold,GREEN,"CC-BY (open, redistributable + derivatives)"
10.1371_journal.pntd.0007339,10.1371/journal.pntd.0007339,PLOS,CC-BY,CC-BY,gold,GREEN,"CC-BY (open, redistributable + derivatives)"
10.1371_journal.pone.0056833,10.1371/journal.pone.0056833,PLOS,CC0,CC-BY,gold,GREEN,"CC0 (open, redistributable + derivatives)"
10.1155_2015_630168,10.1155/2015_630168,Hindawi,CC-BY,CC-BY,gold,GREEN,"CC-BY (open, redistributable + derivatives)"
10.1155_2020_8828456,10.1155/2020_8828456,Hindawi,CC-BY,CC-BY,hybrid,GREEN,"CC-BY (open, redistributable + derivatives)"
10.1155_2022_5673435,10.1155/2022_5673435,Hindawi,CC-BY,CC-BY,hybrid,GREEN,"CC-BY (open, redistributable + derivatives)"
10.1155_2012_483471,10.1155/2012_483471,Hindawi,CC-BY,CC-BY,hybrid,GREEN,"CC-BY (open, redistributable + derivatives)"
10.1155_2020_5450628,10.1155/2020_5450628,Hindawi,CC-BY,CC-BY,gold,GREEN,"CC-BY (open, redistributable + derivatives)"
10.1155_2013_390194,10.1155/2013_390194,Hindawi,proprietary,CC-BY,gold,RED,source disagreement: CC license found (CC-BY) but weaker source non-open (crossref=proprietary); conservative RED
10.1155_2008_359267,10.1155/2008_359267,Hindawi,CC-BY,CC-BY,gold,GREEN,"CC-BY (open, redistributable + derivatives)"
10.1155_2014_270537,10.1155/2014_270537,Hindawi,proprietary,CC-BY,gold,RED,source disagreement: CC license found (CC-BY) but weaker source non-open (crossref=proprietary); conservative RED
10.1155_2014_901436,10.1155/2014_901436,Hindawi,CC-BY,CC-BY,gold,GREEN,"CC-BY (open, redistributable + derivatives)"
10.1155_2022_2933085,10.1155/2022_2933085,Hindawi,CC-BY,CC-BY,hybrid,GREEN,"CC-BY (open, redistributable + derivatives)"
10.1155_2015_463565,10.1155/2015_463565,Hindawi,CC-BY,CC-BY,hybrid,GREEN,"CC-BY (open, redistributable + derivatives)"
10.1155_2021_8317862,10.1155/2021_8317862,Hindawi,CC-BY,CC-BY,hybrid,GREEN,"CC-BY (open, redistributable + derivatives)"
10.1155_2012_860415,10.1155/2012_860415,Hindawi,proprietary,CC-BY,gold,RED,source disagreement: CC license found (CC-BY) but weaker source non-open (crossref=proprietary); conservative RED
10.1155_2017_9175342,10.1155/2017_9175342,Hindawi,CC-BY,CC-BY,hybrid,GREEN,"CC-BY (open, redistributable + derivatives)"
10.1155_2022_3434646,10.1155/2022_3434646,Hindawi,CC-BY,CC-BY,hybrid,GREEN,"CC-BY (open, redistributable + derivatives)"
10.1155_2023_8381828,10.1155/2023_8381828,Hindawi,CC-BY,CC-BY,hybrid,GREEN,"CC-BY (open, redistributable + derivatives)"
10.1155_2021_5065957,10.1155/2021_5065957,Hindawi,CC-BY,CC-BY,hybrid,GREEN,"CC-BY (open, redistributable + derivatives)"
10.1155_2017_4826785,10.1155/2017_4826785,Hindawi,CC-BY,CC-BY,hybrid,GREEN,"CC-BY (open, redistributable + derivatives)"
10.1155_2016_1254368,10.1155/2016_1254368,Hindawi,CC-BY,CC-BY,hybrid,GREEN,"CC-BY (open, redistributable + derivatives)"
10.1155_2013_894512,10.1155/2013_894512,Hindawi,CC-BY,CC-BY,hybrid,GREEN,"CC-BY (open, redistributable + derivatives)"
10.1155_2013_543768,10.1155/2013_543768,Hindawi,CC-BY,CC-BY,gold,GREEN,"CC-BY (open, redistributable + derivatives)"
10.1155_2021_8871204,10.1155/2021_8871204,Hindawi,CC-BY,CC-BY,hybrid,GREEN,"CC-BY (open, redistributable + derivatives)"
10.1155_2017_2458590,10.1155/2017_2458590,Hindawi,CC-BY,CC-BY,gold,GREEN,"CC-BY (open, redistributable + derivatives)"
10.1155_2015_821352,10.1155/2015_821352,Hindawi,proprietary,CC-BY,gold,RED,source disagreement: CC license found (CC-BY) but weaker source non-open (crossref=proprietary); conservative RED
10.1155_2021_3635382,10.1155/2021_3635382,Hindawi,CC-BY,CC-BY,hybrid,GREEN,"CC-BY (open, redistributable + derivatives)"
10.1155_2022_4384795,10.1155/2022_4384795,Hindawi,CC-BY,CC-BY,hybrid,GREEN,"CC-BY (open, redistributable + derivatives)"
10.1155_2014_645284,10.1155/2014_645284,Hindawi,CC-BY,CC-BY,hybrid,GREEN,"CC-BY (open, redistributable + derivatives)"
10.1155_2021_6691571,10.1155/2021_6691571,Hindawi,CC-BY,CC-BY,gold,GREEN,"CC-BY (open, redistributable + derivatives)"
10.1155_2014_853084,10.1155/2014_853084,Hindawi,CC-BY,CC-BY,hybrid,GREEN,"CC-BY (open, redistributable + derivatives)"
10.1155_2022_5770836,10.1155/2022_5770836,Hindawi,CC-BY,CC-BY,gold,GREEN,"CC-BY (open, redistributable + derivatives)"
10.1155_2013_268385,10.1155/2013_268385,Hindawi,CC-BY,CC-BY,gold,GREEN,"CC-BY (open, redistributable + derivatives)"
10.1155_2017_5215413,10.1155/2017_5215413,Hindawi,CC-BY,CC-BY,hybrid,GREEN,"CC-BY (open, redistributable + derivatives)"
10.1155_2014_810589,10.1155/2014_810589,Hindawi,CC-BY,CC-BY,gold,GREEN,"CC-BY (open, redistributable + derivatives)"
10.1155_2021_1233166,10.1155/2021_1233166,Hindawi,CC-BY,CC-BY,hybrid,GREEN,"CC-BY (open, redistributable + derivatives)"
10.1155_2022_3372296,10.1155/2022_3372296,Hindawi,CC-BY,CC-BY,hybrid,GREEN,"CC-BY (open, redistributable + derivatives)"
10.1155_2020_2921417,10.1155/2020_2921417,Hindawi,CC-BY,CC-BY,gold,GREEN,"CC-BY (open, redistributable + derivatives)"
10.1155_2018_5130143,10.1155/2018_5130143,Hindawi,CC-BY,CC-BY,gold,GREEN,"CC-BY (open, redistributable + derivatives)"
10.1155_2020_6665508,10.1155/2020_6665508,Hindawi,CC-BY,CC-BY,gold,GREEN,"CC-BY (open, redistributable + derivatives)"
10.1155_2019_9254315,10.1155/2019_9254315,Hindawi,CC-BY,CC-BY,hybrid,GREEN,"CC-BY (open, redistributable + derivatives)"
10.1155_2015_235954,10.1155/2015_235954,Hindawi,proprietary,CC-BY,gold,RED,source disagreement: CC license found (CC-BY) but weaker source non-open (crossref=proprietary); conservative RED
10.1155_2018_8146765,10.1155/2018_8146765,Hindawi,CC-BY,CC-BY,gold,GREEN,"CC-BY (open, redistributable + derivatives)"
10.1155_2013_367261,10.1155/2013_367261,Hindawi,CC-BY,CC-BY,hybrid,GREEN,"CC-BY (open, redistributable + derivatives)"
10.1155_2018_4809525,10.1155/2018_4809525,Hindawi,CC-BY,CC-BY,hybrid,GREEN,"CC-BY (open, redistributable + derivatives)"
10.1155_2011_269591,10.1155/2011_269591,Hindawi,CC-BY,CC-BY,hybrid,GREEN,"CC-BY (open, redistributable + derivatives)"
10.1155_2022_3144255,10.1155/2022_3144255,Hindawi,CC-BY,CC-BY,hybrid,GREEN,"CC-BY (open, redistributable + derivatives)"
10.1155_2022_8142802,10.1155/2022_8142802,Hindawi,CC-BY,CC-BY,hybrid,GREEN,"CC-BY (open, redistributable + derivatives)"
10.1155_2018_3254081,10.1155/2018_3254081,Hindawi,CC-BY,CC-BY,gold,GREEN,"CC-BY (open, redistributable + derivatives)"
10.1155_2021_2451836,10.1155/2021_2451836,Hindawi,CC-BY,CC-BY,gold,GREEN,"CC-BY (open, redistributable + derivatives)"
10.1155_2021_3803089,10.1155/2021_3803089,Hindawi,CC-BY,CC-BY,hybrid,GREEN,"CC-BY (open, redistributable + derivatives)"
10.1155_2014_360934,10.1155/2014_360934,Hindawi,CC-BY,CC-BY,gold,GREEN,"CC-BY (open, redistributable + derivatives)"
10.1155_2018_3982646,10.1155/2018_3982646,Hindawi,CC-BY,CC-BY,hybrid,GREEN,"CC-BY (open, redistributable + derivatives)"
10.1155_2013_828313,10.1155/2013_828313,Hindawi,CC-BY,CC-BY,gold,GREEN,"CC-BY (open, redistributable + derivatives)"
10.1155_2018_6161978,10.1155/2018_6161978,Hindawi,CC-BY,CC-BY,hybrid,GREEN,"CC-BY (open, redistributable + derivatives)"
10.1155_2021_9534495,10.1155/2021_9534495,Hindawi,CC-BY,CC-BY,gold,GREEN,"CC-BY (open, redistributable + derivatives)"
10.1155_2015_754278,10.1155/2015_754278,Hindawi,proprietary,CC-BY,gold,RED,source disagreement: CC license found (CC-BY) but weaker source non-open (crossref=proprietary); conservative RED
10.1155_2014_585983,10.1155/2014_585983,Hindawi,CC-BY,CC-BY,hybrid,GREEN,"CC-BY (open, redistributable + derivatives)"
10.1155_2015_874532,10.1155/2015_874532,Hindawi,proprietary,CC-BY,gold,RED,source disagreement: CC license found (CC-BY) but weaker source non-open (crossref=proprietary); conservative RED
10.1155_2010_861892,10.1155/2010_861892,Hindawi,CC-BY,CC-BY,gold,GREEN,"CC-BY (open, redistributable + derivatives)"
10.1155_2013_982573,10.1155/2013_982573,Hindawi,proprietary,CC-BY,gold,RED,source disagreement: CC license found (CC-BY) but weaker source non-open (crossref=proprietary); conservative RED
10.1155_2015_212437,10.1155/2015_212437,Hindawi,CC-BY,CC-BY,gold,GREEN,"CC-BY (open, redistributable + derivatives)"
10.1155_ASP.2005.3069,10.1155/ASP.2005.3069,Hindawi,none,CC-BY,gold,GREEN,"CC-BY (open, redistributable + derivatives)"
10.1155_2014_378981,10.1155/2014_378981,Hindawi,CC-BY,CC-BY,hybrid,GREEN,"CC-BY (open, redistributable + derivatives)"
10.1155_2022_7543121,10.1155/2022_7543121,Hindawi,CC-BY,CC-BY,gold,GREEN,"CC-BY (open, redistributable + derivatives)"
10.1155_2018_4160652,10.1155/2018_4160652,Hindawi,CC-BY,CC-BY,hybrid,GREEN,"CC-BY (open, redistributable + derivatives)"
10.1155_2022_1667988,10.1155/2022_1667988,Hindawi,CC-BY,CC-BY,hybrid,GREEN,"CC-BY (open, redistributable + derivatives)"
10.1155_2008_547428,10.1155/2008_547428,Hindawi,CC-BY,CC-BY,hybrid,GREEN,"CC-BY (open, redistributable + derivatives)"
10.1155_2012_724846,10.1155/2012_724846,Hindawi,proprietary,CC-BY,gold,RED,source disagreement: CC license found (CC-BY) but weaker source non-open (crossref=proprietary); conservative RED
10.1155_2020_4147357,10.1155/2020_4147357,Hindawi,CC-BY,CC-BY,hybrid,GREEN,"CC-BY (open, redistributable + derivatives)"
10.1155_2013_542737,10.1155/2013_542737,Hindawi,CC-BY,CC-BY,hybrid,GREEN,"CC-BY (open, redistributable + derivatives)"
10.1155_2012_808541,10.1155/2012_808541,Hindawi,CC-BY,CC-BY,hybrid,GREEN,"CC-BY (open, redistributable + derivatives)"
10.1155_2014_543524,10.1155/2014_543524,Hindawi,CC-BY,CC-BY,gold,GREEN,"CC-BY (open, redistributable + derivatives)"
10.1155_2011_691769,10.1155/2011_691769,Hindawi,CC-BY,CC-BY,gold,GREEN,"CC-BY (open, redistributable + derivatives)"
10.1155_2021_5544716,10.1155/2021_5544716,Hindawi,CC-BY,CC-BY,hybrid,GREEN,"CC-BY (open, redistributable + derivatives)"
10.1155_2016_8984379,10.1155/2016_8984379,Hindawi,CC-BY,CC-BY,hybrid,GREEN,"CC-BY (open, redistributable + derivatives)"
10.1155_2020_6279278,10.1155/2020_6279278,Hindawi,CC-BY,CC-BY,gold,GREEN,"CC-BY (open, redistributable + derivatives)"
10.1155_2022_4161470,10.1155/2022_4161470,Hindawi,CC-BY,CC-BY,gold,GREEN,"CC-BY (open, redistributable + derivatives)"
10.1155_2012_902707,10.1155/2012_902707,Hindawi,CC-BY,CC-BY,hybrid,GREEN,"CC-BY (open, redistributable + derivatives)"
10.1155_2016_5194324,10.1155/2016_5194324,Hindawi,CC-BY,CC-BY,gold,GREEN,"CC-BY (open, redistributable + derivatives)"
10.1155_2017_9057250,10.1155/2017_9057250,Hindawi,CC-BY,CC-BY,hybrid,GREEN,"CC-BY (open, redistributable + derivatives)"
10.1155_2021_6359403,10.1155/2021_6359403,Hindawi,CC-BY,CC-BY,hybrid,GREEN,"CC-BY (open, redistributable + derivatives)"
10.1155_2015_205707,10.1155/2015_205707,Hindawi,CC-BY,CC-BY,hybrid,GREEN,"CC-BY (open, redistributable + derivatives)"
10.1155_2012_891321,10.1155/2012_891321,Hindawi,proprietary,CC-BY,gold,RED,source disagreement: CC license found (CC-BY) but weaker source non-open (crossref=proprietary); conservative RED
10.1155_2020_9643168,10.1155/2020_9643168,Hindawi,CC-BY,CC-BY,gold,GREEN,"CC-BY (open, redistributable + derivatives)"
10.1155_2013_538937,10.1155/2013_538937,Hindawi,proprietary,CC-BY,gold,RED,source disagreement: CC license found (CC-BY) but weaker source non-open (crossref=proprietary); conservative RED
10.1155_2018_3803969,10.1155/2018_3803969,Hindawi,CC-BY,CC-BY,gold,GREEN,"CC-BY (open, redistributable + derivatives)"
10.1155_2013_392056,10.1155/2013_392056,Hindawi,CC-BY,CC-BY,gold,GREEN,"CC-BY (open, redistributable + derivatives)"
10.1155_2020_8872639,10.1155/2020_8872639,Hindawi,CC-BY,CC-BY,gold,GREEN,"CC-BY (open, redistributable + derivatives)"
10.1155_2015_491746,10.1155/2015_491746,Hindawi,CC-BY,CC-BY,hybrid,GREEN,"CC-BY (open, redistributable + derivatives)"
10.1155_2022_5899975,10.1155/2022_5899975,Hindawi,CC-BY,CC-BY,hybrid,GREEN,"CC-BY (open, redistributable + derivatives)"
10.1155_2018_6563537,10.1155/2018_6563537,Hindawi,CC-BY,CC-BY,gold,GREEN,"CC-BY (open, redistributable + derivatives)"
10.1155_2014_418178,10.1155/2014_418178,Hindawi,CC-BY,CC-BY,gold,GREEN,"CC-BY (open, redistributable + derivatives)"
10.1155_2023_8091900,10.1155/2023_8091900,Hindawi,CC-BY,CC-BY,gold,GREEN,"CC-BY (open, redistributable + derivatives)"
10.1155_2013_270927,10.1155/2013_270927,Hindawi,proprietary,CC-BY,gold,RED,source disagreement: CC license found (CC-BY) but weaker source non-open (crossref=proprietary); conservative RED
10.1155_2019_2431731,10.1155/2019_2431731,Hindawi,CC-BY,CC-BY,hybrid,GREEN,"CC-BY (open, redistributable + derivatives)"
10.1155_2022_4330518,10.1155/2022_4330518,Hindawi,CC-BY,CC-BY,gold,GREEN,"CC-BY (open, redistributable + derivatives)"
10.1155_2013_107975,10.1155/2013_107975,Hindawi,proprietary,CC-BY,gold,RED,source disagreement: CC license found (CC-BY) but weaker source non-open (crossref=proprietary); conservative RED
10.1155_2007_24163,10.1155/2007_24163,Hindawi,none,CC-BY,green,GREEN,"CC-BY (open, redistributable + derivatives)"
10.1155_2014_509898,10.1155/2014_509898,Hindawi,CC-BY,CC-BY,hybrid,GREEN,"CC-BY (open, redistributable + derivatives)"
10.1155_2014_713946,10.1155/2014_713946,Hindawi,proprietary,CC-BY,gold,RED,source disagreement: CC license found (CC-BY) but weaker source non-open (crossref=proprietary); conservative RED
10.1155_2021_5532477,10.1155/2021_5532477,Hindawi,CC-BY,CC-BY,hybrid,GREEN,"CC-BY (open, redistributable + derivatives)"
10.3389_frwa.2022.805196,10.3389/frwa.2022.805196,Frontiers,CC-BY,CC-BY,gold,GREEN,"CC-BY (open, redistributable + derivatives)"
10.3389_fendo.2020.628079,10.3389/fendo.2020.628079,Frontiers,CC-BY,CC-BY,gold,GREEN,"CC-BY (open, redistributable + derivatives)"
10.3389_fenrg.2021.800521,10.3389/fenrg.2021.800521,Frontiers,CC-BY,CC-BY,gold,GREEN,"CC-BY (open, redistributable + derivatives)"
10.3389_frobt.2020.00059,10.3389/frobt.2020.00059,Frontiers,CC-BY,CC-BY,gold,GREEN,"CC-BY (open, redistributable + derivatives)"
10.3389_fimmu.2024.1495561,10.3389/fimmu.2024.1495561,Frontiers,CC-BY,CC-BY,gold,GREEN,"CC-BY (open, redistributable + derivatives)"
10.3389_fgene.2022.896780,10.3389/fgene.2022.896780,Frontiers,CC-BY,CC-BY,gold,GREEN,"CC-BY (open, redistributable + derivatives)"
10.3389_fphys.2021.748981,10.3389/fphys.2021.748981,Frontiers,CC-BY,CC-BY,gold,GREEN,"CC-BY (open, redistributable + derivatives)"
10.3389_fcvm.2022.853614,10.3389/fcvm.2022.853614,Frontiers,CC-BY,CC-BY,gold,GREEN,"CC-BY (open, redistributable + derivatives)"
10.3389_fmicb.2015.01253,10.3389/fmicb.2015.01253,Frontiers,none,CC-BY,gold,GREEN,"CC-BY (open, redistributable + derivatives)"
10.3389_fphar.2022.836496,10.3389/fphar.2022.836496,Frontiers,CC-BY,CC-BY,gold,GREEN,"CC-BY (open, redistributable + derivatives)"
10.3389_fonc.2020.00306,10.3389/fonc.2020.00306,Frontiers,CC-BY,CC-BY,gold,GREEN,"CC-BY (open, redistributable + derivatives)"
10.3389_fchem.2024.1462309,10.3389/fchem.2024.1462309,Frontiers,CC-BY,CC-BY,gold,GREEN,"CC-BY (open, redistributable + derivatives)"
10.3389_fchem.2018.00256,10.3389/fchem.2018.00256,Frontiers,CC-BY,CC-BY,gold,GREEN,"CC-BY (open, redistributable + derivatives)"
10.3389_feart.2023.1225287,10.3389/feart.2023.1225287,Frontiers,CC-BY,CC-BY,gold,GREEN,"CC-BY (open, redistributable + derivatives)"
10.3389_fphys.2023.1172150,10.3389/fphys.2023.1172150,Frontiers,CC-BY,CC-BY,gold,GREEN,"CC-BY (open, redistributable + derivatives)"
10.3389_fphys.2018.01797,10.3389/fphys.2018.01797,Frontiers,CC-BY,CC-BY,gold,GREEN,"CC-BY (open, redistributable + derivatives)"
10.3389_fnmol.2017.00048,10.3389/fnmol.2017.00048,Frontiers,none,CC-BY,gold,GREEN,"CC-BY (open, redistributable + derivatives)"
10.3389_fphar.2020.01208,10.3389/fphar.2020.01208,Frontiers,CC-BY,CC-BY,gold,GREEN,"CC-BY (open, redistributable + derivatives)"
10.3389_fphy.2018.00141,10.3389/fphy.2018.00141,Frontiers,CC-BY,CC-BY,gold,GREEN,"CC-BY (open, redistributable + derivatives)"
10.3389_fnins.2011.00103,10.3389/fnins.2011.00103,Frontiers,none,CC-BY,gold,GREEN,"CC-BY (open, redistributable + derivatives)"
10.3389_fenrg.2021.762480,10.3389/fenrg.2021.762480,Frontiers,CC-BY,CC-BY,gold,GREEN,"CC-BY (open, redistributable + derivatives)"
10.3389_fphar.2022.946134,10.3389/fphar.2022.946134,Frontiers,CC-BY,CC-BY,gold,GREEN,"CC-BY (open, redistributable + derivatives)"
10.3389_fendo.2017.00115,10.3389/fendo.2017.00115,Frontiers,none,CC-BY,gold,GREEN,"CC-BY (open, redistributable + derivatives)"
10.3389_fmed.2025.1492709,10.3389/fmed.2025.1492709,Frontiers,CC-BY,CC-BY,gold,GREEN,"CC-BY (open, redistributable + derivatives)"
10.3389_fphys.2014.00113,10.3389/fphys.2014.00113,Frontiers,none,CC-BY,gold,GREEN,"CC-BY (open, redistributable + derivatives)"
10.3389_fmats.2016.00018,10.3389/fmats.2016.00018,Frontiers,none,CC-BY,gold,GREEN,"CC-BY (open, redistributable + derivatives)"
10.3389_fmicb.2024.1374974,10.3389/fmicb.2024.1374974,Frontiers,CC-BY,CC-BY,gold,GREEN,"CC-BY (open, redistributable + derivatives)"
10.3389_fphar.2019.01132,10.3389/fphar.2019.01132,Frontiers,CC-BY,CC-BY,gold,GREEN,"CC-BY (open, redistributable + derivatives)"
10.3389_fenrg.2022.780795,10.3389/fenrg.2022.780795,Frontiers,CC-BY,CC-BY,gold,GREEN,"CC-BY (open, redistributable + derivatives)"
10.3389_fgene.2022.895629,10.3389/fgene.2022.895629,Frontiers,CC-BY,CC-BY,gold,GREEN,"CC-BY (open, redistributable + derivatives)"
10.3389_fchem.2020.583926,10.3389/fchem.2020.583926,Frontiers,CC-BY,CC-BY,gold,GREEN,"CC-BY (open, redistributable + derivatives)"
10.3389_fphar.2025.1530715,10.3389/fphar.2025.1530715,Frontiers,CC-BY,CC-BY,gold,GREEN,"CC-BY (open, redistributable + derivatives)"
10.3389_fchem.2019.00780,10.3389/fchem.2019.00780,Frontiers,CC-BY,CC-BY,gold,GREEN,"CC-BY (open, redistributable + derivatives)"
10.3389_fnmol.2014.00075,10.3389/fnmol.2014.00075,Frontiers,none,CC-BY,gold,GREEN,"CC-BY (open, redistributable + derivatives)"
10.3389_fphar.2024.1438161,10.3389/fphar.2024.1438161,Frontiers,CC-BY,CC-BY,gold,GREEN,"CC-BY (open, redistributable + derivatives)"
10.3389_fdgth.2022.909519,10.3389/fdgth.2022.909519,Frontiers,CC-BY,CC-BY,gold,GREEN,"CC-BY (open, redistributable + derivatives)"
10.3389_fmed.2019.00256,10.3389/fmed.2019.00256,Frontiers,CC-BY,CC-BY,gold,GREEN,"CC-BY (open, redistributable + derivatives)"
10.3389_fchem.2019.00355,10.3389/fchem.2019.00355,Frontiers,CC-BY,CC-BY,gold,GREEN,"CC-BY (open, redistributable + derivatives)"
10.3389_fenvs.2022.1009045,10.3389/fenvs.2022.1009045,Frontiers,CC-BY,CC-BY,gold,GREEN,"CC-BY (open, redistributable + derivatives)"
10.3389_fphar.2024.1447152,10.3389/fphar.2024.1447152,Frontiers,CC-BY,CC-BY,gold,GREEN,"CC-BY (open, redistributable + derivatives)"
10.3389_fimmu.2023.1186063,10.3389/fimmu.2023.1186063,Frontiers,CC-BY,CC-BY,gold,GREEN,"CC-BY (open, redistributable + derivatives)"
10.3389_fmicb.2019.02811,10.3389/fmicb.2019.02811,Frontiers,CC-BY,CC-BY,gold,GREEN,"CC-BY (open, redistributable + derivatives)"
10.3389_fchem.2018.00175,10.3389/fchem.2018.00175,Frontiers,CC-BY,CC-BY,gold,GREEN,"CC-BY (open, redistributable + derivatives)"
10.3389_fchem.2020.00735,10.3389/fchem.2020.00735,Frontiers,CC-BY,CC-BY,gold,GREEN,"CC-BY (open, redistributable + derivatives)"
10.3389_fenrg.2023.1205165,10.3389/fenrg.2023.1205165,Frontiers,CC-BY,CC-BY,gold,GREEN,"CC-BY (open, redistributable + derivatives)"
10.3389_fmicb.2024.1304234,10.3389/fmicb.2024.1304234,Frontiers,CC-BY,CC-BY,gold,GREEN,"CC-BY (open, redistributable + derivatives)"
10.3389_fchem.2019.00539,10.3389/fchem.2019.00539,Frontiers,CC-BY,CC-BY,gold,GREEN,"CC-BY (open, redistributable + derivatives)"
10.3389_fenrg.2021.702139,10.3389/fenrg.2021.702139,Frontiers,CC-BY,CC-BY,gold,GREEN,"CC-BY (open, redistributable + derivatives)"
10.3389_fimmu.2016.00569,10.3389/fimmu.2016.00569,Frontiers,none,CC-BY,gold,GREEN,"CC-BY (open, redistributable + derivatives)"
10.3389_fchem.2019.00699,10.3389/fchem.2019.00699,Frontiers,CC-BY,CC-BY,gold,GREEN,"CC-BY (open, redistributable + derivatives)"
10.3389_fchem.2021.756993,10.3389/fchem.2021.756993,Frontiers,CC-BY,CC-BY,gold,GREEN,"CC-BY (open, redistributable + derivatives)"
10.3389_fncel.2022.832536,10.3389/fncel.2022.832536,Frontiers,CC-BY,CC-BY,gold,GREEN,"CC-BY (open, redistributable + derivatives)"
10.3389_fneng.2011.00022,10.3389/fneng.2011.00022,Frontiers,none,CC-BY-NC,hybrid,YELLOW,CC-BY-NC (non-commercial; attribution required)
10.3389_fncel.2015.00119,10.3389/fncel.2015.00119,Frontiers,none,CC-BY,gold,GREEN,"CC-BY (open, redistributable + derivatives)"
10.3389_fphar.2021.720018,10.3389/fphar.2021.720018,Frontiers,CC-BY,CC-BY,gold,GREEN,"CC-BY (open, redistributable + derivatives)"
10.3389_fenvs.2021.783676,10.3389/fenvs.2021.783676,Frontiers,CC-BY,CC-BY,gold,GREEN,"CC-BY (open, redistributable + derivatives)"
10.3389_fphy.2022.896596,10.3389/fphy.2022.896596,Frontiers,CC-BY,CC-BY,gold,GREEN,"CC-BY (open, redistributable + derivatives)"
10.3389_fphar.2021.680618,10.3389/fphar.2021.680618,Frontiers,CC-BY,CC-BY,gold,GREEN,"CC-BY (open, redistributable + derivatives)"
10.3389_fnut.2019.00020,10.3389/fnut.2019.00020,Frontiers,CC-BY,CC-BY,gold,GREEN,"CC-BY (open, redistributable + derivatives)"
10.3389_fmed.2024.1468561,10.3389/fmed.2024.1468561,Frontiers,CC-BY,CC-BY,gold,GREEN,"CC-BY (open, redistributable + derivatives)"
10.3389_fmars.2017.00429,10.3389/fmars.2017.00429,Frontiers,CC-BY,CC-BY,gold,GREEN,"CC-BY (open, redistributable + derivatives)"
10.3389_fimmu.2024.1505719,10.3389/fimmu.2024.1505719,Frontiers,CC-BY,CC-BY,gold,GREEN,"CC-BY (open, redistributable + derivatives)"
10.3389_fbioe.2022.962719,10.3389/fbioe.2022.962719,Frontiers,CC-BY,CC-BY,gold,GREEN,"CC-BY (open, redistributable + derivatives)"
10.3389_fendo.2023.1114463,10.3389/fendo.2023.1114463,Frontiers,CC-BY,CC-BY,gold,GREEN,"CC-BY (open, redistributable + derivatives)"
10.3389_fncel.2020.00117,10.3389/fncel.2020.00117,Frontiers,CC-BY,CC-BY,gold,GREEN,"CC-BY (open, redistributable + derivatives)"
10.3389_fmicb.2016.01831,10.3389/fmicb.2016.01831,Frontiers,none,CC-BY,gold,GREEN,"CC-BY (open, redistributable + derivatives)"
10.3389_fnano.2024.1456915,10.3389/fnano.2024.1456915,Frontiers,CC-BY,CC-BY,gold,GREEN,"CC-BY (open, redistributable + derivatives)"
10.3389_fphar.2014.00225,10.3389/fphar.2014.00225,Frontiers,none,CC-BY,gold,GREEN,"CC-BY (open, redistributable + derivatives)"
10.3389_fcell.2020.00412,10.3389/fcell.2020.00412,Frontiers,CC-BY,CC-BY,gold,GREEN,"CC-BY (open, redistributable + derivatives)"
10.3389_fenrg.2023.1177623,10.3389/fenrg.2023.1177623,Frontiers,CC-BY,CC-BY,gold,GREEN,"CC-BY (open, redistributable + derivatives)"
10.3389_fonc.2023.1174848,10.3389/fonc.2023.1174848,Frontiers,CC-BY,CC-BY,gold,GREEN,"CC-BY (open, redistributable + derivatives)"
10.3389_fbioe.2020.00009,10.3389/fbioe.2020.00009,Frontiers,CC-BY,CC-BY,gold,GREEN,"CC-BY (open, redistributable + derivatives)"
10.3389_fcimb.2021.633440,10.3389/fcimb.2021.633440,Frontiers,CC-BY,CC-BY,gold,GREEN,"CC-BY (open, redistributable + derivatives)"
10.3389_fchem.2019.00226,10.3389/fchem.2019.00226,Frontiers,CC-BY,CC-BY,gold,GREEN,"CC-BY (open, redistributable + derivatives)"
10.3389_fphys.2023.1326099,10.3389/fphys.2023.1326099,Frontiers,CC-BY,CC-BY,gold,GREEN,"CC-BY (open, redistributable + derivatives)"
10.3389_fendo.2021.698511,10.3389/fendo.2021.698511,Frontiers,CC-BY,CC-BY,gold,GREEN,"CC-BY (open, redistributable + derivatives)"
10.3389_fchem.2024.1400758,10.3389/fchem.2024.1400758,Frontiers,CC-BY,CC-BY,gold,GREEN,"CC-BY (open, redistributable + derivatives)"
10.3389_fphar.2023.1135898,10.3389/fphar.2023.1135898,Frontiers,CC-BY,CC-BY,gold,GREEN,"CC-BY (open, redistributable + derivatives)"
10.3389_fchem.2018.00295,10.3389/fchem.2018.00295,Frontiers,CC-BY,CC-BY,gold,GREEN,"CC-BY (open, redistributable + derivatives)"
10.3389_fonc.2021.793810,10.3389/fonc.2021.793810,Frontiers,CC-BY,CC-BY,gold,GREEN,"CC-BY (open, redistributable + derivatives)"
10.3389_fimmu.2019.02444,10.3389/fimmu.2019.02444,Frontiers,CC-BY,CC-BY,gold,GREEN,"CC-BY (open, redistributable + derivatives)"
10.3389_fpls.2023.1238838,10.3389/fpls.2023.1238838,Frontiers,CC-BY,CC-BY,gold,GREEN,"CC-BY (open, redistributable + derivatives)"
10.3389_fbioe.2024.1364553,10.3389/fbioe.2024.1364553,Frontiers,CC-BY,CC-BY,gold,GREEN,"CC-BY (open, redistributable + derivatives)"
10.3389_fphar.2023.1101023,10.3389/fphar.2023.1101023,Frontiers,CC-BY,CC-BY,gold,GREEN,"CC-BY (open, redistributable + derivatives)"
10.3389_fcimb.2024.1456700,10.3389/fcimb.2024.1456700,Frontiers,CC-BY,CC-BY,gold,GREEN,"CC-BY (open, redistributable + derivatives)"
10.3389_fchem.2019.00029,10.3389/fchem.2019.00029,Frontiers,CC-BY,CC-BY,gold,GREEN,"CC-BY (open, redistributable + derivatives)"
10.3389_fphar.2022.940773,10.3389/fphar.2022.940773,Frontiers,CC-BY,CC-BY,gold,GREEN,"CC-BY (open, redistributable + derivatives)"
10.3389_fendo.2024.1310152,10.3389/fendo.2024.1310152,Frontiers,CC-BY,CC-BY,gold,GREEN,"CC-BY (open, redistributable + derivatives)"
10.3389_frobt.2024.1267072,10.3389/frobt.2024.1267072,Frontiers,CC-BY,CC-BY,gold,GREEN,"CC-BY (open, redistributable + derivatives)"
10.3389_fenrg.2021.626538,10.3389/fenrg.2021.626538,Frontiers,CC-BY,CC-BY,gold,GREEN,"CC-BY (open, redistributable + derivatives)"
10.3389_fchem.2019.00511,10.3389/fchem.2019.00511,Frontiers,CC-BY,CC-BY,gold,GREEN,"CC-BY (open, redistributable + derivatives)"
10.3389_fphys.2020.00394,10.3389/fphys.2020.00394,Frontiers,CC-BY,CC-BY,gold,GREEN,"CC-BY (open, redistributable + derivatives)"
10.3389_fchem.2024.1411187,10.3389/fchem.2024.1411187,Frontiers,CC-BY,CC-BY,gold,GREEN,"CC-BY (open, redistributable + derivatives)"
10.3389_fpls.2023.1268015,10.3389/fpls.2023.1268015,Frontiers,CC-BY,CC-BY,gold,GREEN,"CC-BY (open, redistributable + derivatives)"
10.3389_frai.2025.1508664,10.3389/frai.2025.1508664,Frontiers,CC-BY,CC-BY,gold,GREEN,"CC-BY (open, redistributable + derivatives)"
10.3389_fnhum.2021.614950,10.3389/fnhum.2021.614950,Frontiers,CC-BY,CC-BY,gold,GREEN,"CC-BY (open, redistributable + derivatives)"
10.3389_fphar.2019.00125,10.3389/fphar.2019.00125,Frontiers,CC-BY,CC-BY,gold,GREEN,"CC-BY (open, redistributable + derivatives)"
10.3389_fmicb.2024.1286822,10.3389/fmicb.2024.1286822,Frontiers,CC-BY,CC-BY,gold,GREEN,"CC-BY (open, redistributable + derivatives)"
10.3389_fneur.2018.00088,10.3389/fneur.2018.00088,Frontiers,CC-BY,CC-BY,gold,GREEN,"CC-BY (open, redistributable + derivatives)"
10.3389_fphar.2020.00683,10.3389/fphar.2020.00683,Frontiers,CC-BY,CC-BY,gold,GREEN,"CC-BY (open, redistributable + derivatives)"
10.3389_fmicb.2017.01724,10.3389/fmicb.2017.01724,Frontiers,none,CC-BY,gold,GREEN,"CC-BY (open, redistributable + derivatives)"
10.3389_fnut.2023.1257172,10.3389/fnut.2023.1257172,Frontiers,CC-BY,CC-BY,gold,GREEN,"CC-BY (open, redistributable + derivatives)"
10.3389_fpubh.2022.1032668,10.3389/fpubh.2022.1032668,Frontiers,CC-BY,CC-BY,gold,GREEN,"CC-BY (open, redistributable + derivatives)"
10.3389_fbioe.2023.1013107,10.3389/fbioe.2023.1013107,Frontiers,CC-BY,CC-BY,gold,GREEN,"CC-BY (open, redistributable + derivatives)"
10.3389_fenrg.2022.1069364,10.3389/fenrg.2022.1069364,Frontiers,CC-BY,CC-BY,gold,GREEN,"CC-BY (open, redistributable + derivatives)"
10.3389_fncom.2018.00034,10.3389/fncom.2018.00034,Frontiers,CC-BY,CC-BY,gold,GREEN,"CC-BY (open, redistributable + derivatives)"
10.3389_fchem.2022.943224,10.3389/fchem.2022.943224,Frontiers,CC-BY,CC-BY,gold,GREEN,"CC-BY (open, redistributable + derivatives)"
10.3389_fchem.2020.00221,10.3389/fchem.2020.00221,Frontiers,CC-BY,CC-BY,gold,GREEN,"CC-BY (open, redistributable + derivatives)"
10.3389_fpls.2023.1257947,10.3389/fpls.2023.1257947,Frontiers,CC-BY,CC-BY,gold,GREEN,"CC-BY (open, redistributable + derivatives)"
10.3389_fenrg.2022.929676,10.3389/fenrg.2022.929676,Frontiers,CC-BY,CC-BY,gold,GREEN,"CC-BY (open, redistributable + derivatives)"
10.3389_fpsyg.2024.1259610,10.3389/fpsyg.2024.1259610,Frontiers,CC-BY,CC-BY,gold,GREEN,"CC-BY (open, redistributable + derivatives)"
10.3389_fimmu.2021.629608,10.3389/fimmu.2021.629608,Frontiers,CC-BY,CC-BY,gold,GREEN,"CC-BY (open, redistributable + derivatives)"
10.3389_fphar.2022.1074397,10.3389/fphar.2022.1074397,Frontiers,CC-BY,CC-BY,gold,GREEN,"CC-BY (open, redistributable + derivatives)"
10.3389_fchem.2022.917511,10.3389/fchem.2022.917511,Frontiers,CC-BY,CC-BY,gold,GREEN,"CC-BY (open, redistributable + derivatives)"
10.3389_fpain.2022.1085791,10.3389/fpain.2022.1085791,Frontiers,CC-BY,CC-BY,gold,GREEN,"CC-BY (open, redistributable + derivatives)"
10.3389_fimmu.2018.00489,10.3389/fimmu.2018.00489,Frontiers,CC-BY,CC-BY,gold,GREEN,"CC-BY (open, redistributable + derivatives)"
10.3389_fphar.2023.1012716,10.3389/fphar.2023.1012716,Frontiers,CC-BY,CC-BY,gold,GREEN,"CC-BY (open, redistributable + derivatives)"
10.3389_fimmu.2024.1349601,10.3389/fimmu.2024.1349601,Frontiers,CC-BY,CC-BY,gold,GREEN,"CC-BY (open, redistributable + derivatives)"
10.3389_fimmu.2023.1206529,10.3389/fimmu.2023.1206529,Frontiers,CC-BY,CC-BY,gold,GREEN,"CC-BY (open, redistributable + derivatives)"
10.3389_fchem.2020.00293,10.3389/fchem.2020.00293,Frontiers,CC-BY,CC-BY,gold,GREEN,"CC-BY (open, redistributable + derivatives)"
10.3389_fenrg.2024.1457519,10.3389/fenrg.2024.1457519,Frontiers,CC-BY,CC-BY,gold,GREEN,"CC-BY (open, redistributable + derivatives)"
10.3389_fpls.2021.752246,10.3389/fpls.2021.752246,Frontiers,CC-BY,CC-BY,gold,GREEN,"CC-BY (open, redistributable + derivatives)"
10.3389_fmicb.2021.671200,10.3389/fmicb.2021.671200,Frontiers,CC-BY,CC-BY,gold,GREEN,"CC-BY (open, redistributable + derivatives)"
10.3389_fmars.2019.00074,10.3389/fmars.2019.00074,Frontiers,CC-BY,CC-BY,gold,GREEN,"CC-BY (open, redistributable + derivatives)"
10.3389_fchem.2021.691172,10.3389/fchem.2021.691172,Frontiers,CC-BY,CC-BY,gold,GREEN,"CC-BY (open, redistributable + derivatives)"
10.3389_fphar.2023.1129997,10.3389/fphar.2023.1129997,Frontiers,CC-BY,CC-BY,gold,GREEN,"CC-BY (open, redistributable + derivatives)"
10.3389_fonc.2015.00035,10.3389/fonc.2015.00035,Frontiers,none,CC-BY,gold,GREEN,"CC-BY (open, redistributable + derivatives)"
10.3389_fchem.2020.00690,10.3389/fchem.2020.00690,Frontiers,CC-BY,CC-BY,gold,GREEN,"CC-BY (open, redistributable + derivatives)"
10.3389_fevo.2023.1127679,10.3389/fevo.2023.1127679,Frontiers,CC-BY,CC-BY,gold,GREEN,"CC-BY (open, redistributable + derivatives)"
10.3389_fdata.2020.00032,10.3389/fdata.2020.00032,Frontiers,CC-BY,CC-BY,gold,GREEN,"CC-BY (open, redistributable + derivatives)"
